tweet_url,trend_or_preview
https://x.com/SBBreakers/status/1565371032025849859,"The #Nationals are small favorites this afternoon vs the #Athletics. However, Washington is 0-8 since June 29 in games where they have be..."
https://x.com/SBBreakers/status/1567577169013915651,The #Rams are an unusual season opening home dog after winning the Super Bowl. Teams opening the season as home dogs after winning a play...
https://x.com/SBBreakers/status/1567885132630999043,"In their season openers with Sean McVay as coach, the #Rams are a perfect 5-0 overall 5-0 against the spread 3 of the 5 victories have be..."
https://x.com/SBBreakers/status/1567957413130633217,Another interesting nugget for tonight's #NFLKickoff game. Matthew Stafford's last 11 season opening games have all gone OVER the total 👀...
https://x.com/SBBreakers/status/1567999656457535490,Tonight's #NFLKickoff is an elite matchup with the #Bills having a win total of 11.5 and the #Rams not far behind at 10.5. In the 1st 2 w...
https://x.com/SBBreakers/status/1568967230007771138,"The #Cardinals are 5-0 the past 2 seasons as a 4+ point underdog! That is not just 5-0 ATS, they are 5-0 OUTRIGHT, pulling off a major up..."
https://x.com/SBBreakers/status/1568981549843943424,Are we going to go 9-0 with #NFL selections today? Probably not. Would I want to risk not being on them regardless? No way. Get today's c...
https://x.com/SBBreakers/status/1568982304856449024,"The #Ravens are TD favorites playing at the #Jets today. That may give them license to play conservative. Since Nov. 2020, the #RavensFlo..."
https://x.com/SBBreakers/status/1569001652341850112,The #Colts are 6-0 ATS since October 2020 as a road favorite of less than 14 points. Indy is currently a 7-point favorite at the #Texans...
https://x.com/SBBreakers/status/1569112992348008448,"Well we were a late #Commanders drive from being 18-0 on the football weekend so far but we'll ""settle"" for 16-2!! We still have a Sunday..."
https://x.com/SBBreakers/status/1569453228777164801,The #Seahawks do not have much of a sample size as heavy home dogs but have been a great play as a large dog in general. Seattle is 13-1...
https://x.com/SBBreakers/status/1569525147572518912,That was some kind of clock management and decision making from the Broncos there 😂😂😂
https://x.com/SBBreakers/status/1569525774058942465,"Saying it was never in doubt would be a lie, but #Broncos/#Seahawks Under ends up being a easy winner to finish the weekend 18-2 between..."
https://x.com/SBBreakers/status/1569698163203743746,@golfodds @SuperBookSports I literally laughed out loud seeing Washington in the middle of the pack at 40/1 😂😂😂 https://t.co/nu5FMvY1bS
https://x.com/SBBreakers/status/1570506252333256705,"The #Chiefs have thrived in AFC West games that have been expected to be tight under Andy Reid. Since Nov. 2015, the #Chiefs are 15-2-1 A..."
https://x.com/SBBreakers/status/1571489439251062785,"The #Steelers defeated the #Bengals in last week's opener as a TD-underdog. However, the Steelers are 0-8 ATS since 2019 coming off an up..."
https://x.com/SBBreakers/status/1571492050935189506,We're 9-2 so far this #NFL season and it is a nice slate of games with 9 selections (+ 2 bonus props) with every play backed by #SDQL tre...
https://x.com/SBBreakers/status/1571504580046774272,One of our favorite trends to post last year is back again this week! The #Broncos have gone UNDER in 21 STRAIGHT GAMES since 10-2017 com...
https://x.com/SBBreakers/status/1571531075259596800,Trends supporting the #Bucs today. The #Buccaneers are 7-0 (+20.6 ppg) and 7-0 ATS since 2019 after scoring under 20 points last game. To...
https://x.com/SBBreakers/status/1571537532973637632,#Browns/#Jets has the lowest total of the day at 39. Cleveland has gone UNDER in all 7 games since 12/24/17 when the total is under 41. @...
https://x.com/SBBreakers/status/1571568403160399873,"As expected, all the #NFL powerhouse offenses, the #Lions, #Jaguars,#Jets and #Browns are lighting it up today while most of the other te..."
https://x.com/SBBreakers/status/1571844972080500736,It was a 7-2 #NFL Sunday (+ 1-1 on props) and we are now 16-4 on the NFL season!!! Tonight we have 1 side and 2 props among the 2 #MNF ga...
https://x.com/SBBreakers/status/1571921850569207811,It's an interesting matchup of 1-0 teams in #Vikings/#Eagles on #MNF. Minnesota is 0-10 ATS since Nov. 2016 as a dog coming off a home wi...
https://x.com/SBBreakers/status/1571964010550935555,One more #MNF trend for tonight. The #Vikings are 0-16-1 ATS since 11-2012 as a dog off a home game where they completed 71+% of their pa...
https://x.com/SBBreakers/status/1573007325438386177,You would think getting the running game going would a good for the #Browns. That's not been the case. Cleveland is 0-7 SU and 0-7 ATS si...
https://x.com/SBBreakers/status/1573047357201125379,"When the #Browns have been favored in AFC North games, they have not been able to match the expectations. Cleveland is 0-7 ATS since Dece..."
https://x.com/SBBreakers/status/1573335877811568640,@VegasInsider And 16-5 on NFL plays while I'm at it! Let's have another good weekend!
https://x.com/SBBreakers/status/1573340230249508866,This incredible trend on #Broncos UNDERS is active again this week in #SNF. The #Broncos have gone UNDER in 22 STRAIGHT GAMES since 10-20...
https://x.com/SBBreakers/status/1573741052476870656,We are 16-5 in the #NFL this season and have a full Sunday slate with 9 selections (and a bonus prop) including our 5-STAR Side of the Mo...
https://x.com/SBBreakers/status/1573802205311688706,You do not see Tom Brady playing to such a small line at home often. Tom Brady quarterbacked teams are 16-1 ATS in his career when playin...
https://x.com/SBBreakers/status/1574018906259324928,We're 16-5 in the #NFL and have 9 #NFL selections (and a prop) today including our 5-STAR Side of the Month back by strong #SDQL trends/s...
https://x.com/SBBreakers/status/1574029201178501120,The #Falcons are on the road for the second straight game today and that has not been a good spot for Atlanta. The Falcons are 0-10-1 ATS...
https://x.com/SBBreakers/status/1574060155313979394,The #Titans defense got torched for 313 passing yards last week vs the #Bills. Tennessee is 0-8-1 OU since December 2020 when they allowe...
https://x.com/SBBreakers/status/1574159365325852673,A reminder that this monster UNDER trend with the #Broncos is active tonight for #SNF! #SDQL #NFL #NFLTwitter #NFLPicks #BroncosCountry #...
https://x.com/SBBreakers/status/1574427054363246593,"It was a nice 5-3-1 day in the #NFL, including an easy win on our 5-STAR Side of the Month on the #Bengals. We have a loaded Monday night..."
https://x.com/SBBreakers/status/1574548623592939520,#Giants games with low totals have been VERY warranted of late. Each of New York's last 7 games with a total of 40 or less have gone UNDE...
https://x.com/SBBreakers/status/1574789554665668608,2-0 last night with the #Cowboys and Under 39.5. Finished the week 7-3-1 and now 23-8-1 on the NFL season! Get our complete rest of seaso...
https://x.com/SBBreakers/status/1574857163578740744,Blake Snell struck out 13 batters against the #Cardinals last start but that might not be the boon you would think Snell is 0-11 since 9-...
https://x.com/SBBreakers/status/1575492258094161920,We are an awesome 23-8 on #NFL game selections this season! Thursday we have a nice side play backed by 10 #SDQL trends/systems as well a...
https://x.com/SBBreakers/status/1575521144450732033,The #Dolphins won last week despite a preposterously low 19:20 time of possession. Teams that won last game with less than 22 minutes TOP...
https://x.com/SBBreakers/status/1575583700800376832,A limited sample but the #Bengals have gone OVER the total in 5 straight games coming off a double-digit win. And each of those games has...
https://x.com/SBBreakers/status/1575629410991865857,The #Dolphins are on a short week after the #Bills ran 90 plays against them on Sunday. Since October 2015 dogs with 3 days rest when the...
https://x.com/SBBreakers/status/1575906477507608576,This is a huge new tool in the #SportsGambling and #NFL space that I could not be more excited about! This eliminates the barrier to entr...
https://x.com/SBBreakers/status/1575934718247198720,"Did you know the #Panthers have lost 6 straight times as a favorite! That is not just failed to cover, they have lost outright! One 6 oth..."
https://x.com/SBBreakers/status/1576607431773237250,The #DirtyBirds gave up more than 300 passing yards to Geno Smith and the #Seahawks last week. The #Falcons are 0-11-1 ATS (1-11 overall)...
https://x.com/SBBreakers/status/1576613342856159233,Having said that... it was not the most stress free finish for Saints +3.5 but a winner none the less. Now 25-8-1 on the NFL season with...
https://x.com/SBBreakers/status/1576724521725624320,"Along these same lines, the #Buccaneers are 8-0 and 8-0 ATS since 2019 when they scored less than 20 points last game. The #Bucs average..."
https://x.com/SBBreakers/status/1579090736804691969,"Active for the second straight week, the #Giants have gone UNDER the total 10 straight games coming off a game where they ran for 125+ ya..."
https://x.com/SBBreakers/status/1579097965506928640,One more for today's #NFLUK game. The #Giants are coming off a low scoring 20-12 win over the #Bears. #NYGiants games are 0-11-1 OU since...
https://x.com/SBBreakers/status/1579121444088270850,Everyone knows about the #Bucs struggles in primetime games. But did you know the #Buccaneers have been AWESOME the game following a prim...
https://x.com/SBBreakers/status/1579132415007916032,It has been a good while since the #Lions have scored 37+ points in a game. But their follow up games have been quite poor as Detroit is...
https://x.com/SBBreakers/status/1579596165041254400,#ChiefsKingdom is not a dog often these days but were last week in their 41-31 win over the #Bucs. The #Chiefs are 11-0 ATS since 2013 co...
https://x.com/SBBreakers/status/1580632629061120000,Haven't seen many Over trends for tonight's #TNF but here is one. The #Commanders are 12-0-1 to the OVER since Nov. 2015 on the road comi...
https://x.com/SBBreakers/status/1581318733691117568,8th-ranked #OklahomaSt is a small dog in a big showdown with 13th-ranked #TCU today. OSU thrives in this spot as the #Cowboys are 11-0 AT...
https://x.com/SBBreakers/status/1581664131140452358,The #Giants are looking to build on a 27-22 win over the #Packers last week as huge 8.5-point dogs. The #Giants are 0-10 ATS since 2012 c...
https://x.com/SBBreakers/status/1581672565151395842,The #Rams are big favorites in a low total game vs the #Panthers today. The #LARams have gone UNDER 14 STRAIGHT GAMES since 2018 when the...
https://x.com/SBBreakers/status/1581678977092972546,The #Ravens are comfortable road favorites at the #Giants today and we know they will look to play in control. Baltimore has gone UNDER i...
https://x.com/SBBreakers/status/1581778009912115201,It is a low total game in #SNF at just 42 and that can play into the #Cowboys hands. #DallasCowboys are 7-0 ATS since 11=8-20 when the to...
https://x.com/SBBreakers/status/1582032077452873730,The #Broncos were 3-point favorites last Thursday vs. the Colts activating this monster trend. Denver has gone UNDER 23 straight games si...
https://x.com/SBBreakers/status/1582089061409226752,Is the #Broncos recent defensive success actually a reason to think #MNF may be high scoring tonight? The #Chargers have gone OVER the to...
https://x.com/SBBreakers/status/1582795514403115008,"This week, the #Giants will be the 1st team since 2009 and the 10th team historically to be a dog in at least week 5 of the #NFL season w..."
https://x.com/SBBreakers/status/1583137323545657344,"The #Saints have a track record of playing a very specific style of game on #TNF ... LOW SCORING Since 2012, the #Saints have 10 UNDERS a..."
https://x.com/SBBreakers/status/1583933550055022592,#PennState enters tonight's #WhiteOut vs #Minnesota coming off a 24-point loss to #Michigan. The Nittany Lions have gone UNDER in all 8 g...
https://x.com/SBBreakers/status/1584186946884030469,The #Chargers won on #MNF lats week 19-16 over the #Broncos in OT and now host the #Seahawks today. The #LAChargers have gone UNDER in 15...
https://x.com/SBBreakers/status/1584197526646755330,The #Raiders are TD favorites vs the #Texans today but have consistently failed to meet high expectations. #RaiderNation has failed to co...
https://x.com/SBBreakers/status/1584217158396960768,The #Colts ran for just 45 yards last week in their comeback win over the #Jaguars. Indy is 8-0 overall and 8-0 ATS since December 2018 w...
https://x.com/SBBreakers/status/1584596261252268032,FWIW this long-term team trend is active with the #Patriots tonight. NE has gone OVER 19 straight times at home off a win by more than 3...
https://x.com/SBBreakers/status/1584954699698286592,"The #Wizards are currently 5.5-point favorites hosting the #Pistons tonight. However, Washington has failed to cover 10 STRAIGHT TIMES wh..."
https://x.com/SBBreakers/status/1586714135273816064,The Jaguars are 0-10 SU and 0-10 ATS since November 2019 coming off a loss where they were not a 3+ point dog. Jacksonville was a favorit...
https://x.com/SBBreakers/status/1586745507682160643,"The #Patriots were stunned on #MNF, losing to the #Bears as a 8-point favorite. The Patriots are 0-13-1 OU since December 2012 in the reg..."
https://x.com/SBBreakers/status/1588248861805400065,Curious how huge favorites like the #Eagles do in #TNF games? Well 11+ point favorites with no more than 4 days rest are 19-4-1 ATS (24-0...
https://x.com/SBBreakers/status/1589267506514251777,"Active for the 3rd straight game now, the #Jaguars are 0-11 ATS and 0-11 SU coming off a loss where they were not a 3+ point dog. Last we..."
https://x.com/SBBreakers/status/1589277684760469504,The #Jets are just the 2nd team in @Killer_Trends history to be a double-digit home dog past game 8 of the season when they've won more t...
https://x.com/SBBreakers/status/1589281441292365826,The #Chiefs were just 1-point favorites vs the #49ers last week but are now -12.5 vs the #Titans on #SNF. #ChiefsKingdom has gone UNDER 1...
https://x.com/SBBreakers/status/1589300326544310272,Trevor Lawrence threw for just 133 yards last week in the #Jaguars #NFLUK loss to the #BroncosCountry Jacksonville is 0-8 OU since 2021 w...
https://x.com/SBBreakers/status/1589683584847458304,A big key to the #Ravens win at the #Bucs last #TNF was no committing any turnovers. #RavensFlock is 9-0 ATS since November 2014 on the r...
https://x.com/SBBreakers/status/1589979817956761601,Nearly a clean sweep for us yesterday going 5-1: #Ravens/#Saints Under ✅ Isaiah Likely Yards Over ❌ #Kings/Warriors Under✅ #Nets/#Mavs Un...
https://x.com/SBBreakers/status/1590857336179990529,The #Panthers defense had a miserable game Sunday allowing #42 points to the #Bengals. Carolina is 0-11 (-15.2 ppg) and 0-11 ATS (-10.8 p...
https://x.com/SBBreakers/status/1591464180217171968,"Much like Alabama, another perennial winner today coming off a loss last game is #BoiseState. Boise State is 6-0-1 ATS since 2020 when co..."
https://x.com/SBBreakers/status/1591804588662857737,"Before their bye, the #Steelers lost to the #Eagles by 22 points. Pittsburgh has a history of recovering strong going 8-0 SU and 8-0 ATS..."
https://x.com/SBBreakers/status/1591819306584911874,The #Cowboys offense is rolling and they come to Green Bay as nice favorites today. The #DallasCowboys are 12-0 ATS since 2018 as a favor...
https://x.com/SBBreakers/status/1591845836547555329,Update: 1-0 on the day and now 58-28-3 on the season already after a win on the #Bucs. Still plenty of time to take advantage of today's...
https://x.com/SBBreakers/status/1592232220047065089,Revenge for the #Commanders after losing to the #Eagles earlier this season? Unlikely. Washington is 0-9 SU and just 1-8 ATS since 2017 f...
https://x.com/SBBreakers/status/1593318021719900162,"Tonight's #TNF game has a low total of just 41. For the #Titans, low total games tend to be very justified. Since 2019, all 7 of Tennesse..."
https://x.com/SBBreakers/status/1594080713741058049,"After a win on the Titans Thursday, we are 62-32-2 on game selections this #NFL season. Sunday is a loaded card with 11 selections! 7 sid..."
https://x.com/SBBreakers/status/1594351058301554688,The #Falcons were favored in Carolina last week but lost 25-15. Atlanta is 0-15 ATS (1-14 SU) since October 2017 off a game as a favorite...
https://x.com/SBBreakers/status/1594363941802516481,You might not think of the #Ravens as a team built to blow out opponents. However Baltimore is 7-0-1 ATS since Nov. 2019 as a double-digi...
https://x.com/SBBreakers/status/1594373253048344578,"In a loss to the #Titans, Denver held Derrick Henry and Tennessee to just 63 rushing yards. The #Broncos are 0-17 OU since 10-2017 with m..."
https://x.com/SBBreakers/status/1595805573806710785,"In last week's win vs the #Giants, the #Lions threw for just 165 yards but ran for 160 yards. Detroit is 6-0 ATS since 12-2020 when they..."
https://x.com/SBBreakers/status/1596144247069347840,It was a strong of selections Thursday going 4-1:#Bills/#Lions Under ✅ Daniel Jones Passing Yards Over ✅#Patriots/#Vikings Under❌ Mississ...
https://x.com/SBBreakers/status/1596883946851434498,The #Broncos were 2.5-point favorites in last week's loss to the #Raiders activating 1 of our favorite trends! The #Broncos have gone UND...
https://x.com/SBBreakers/status/1596910113390235649,Seattle is coming off a loss to the Bucs in London but they still had 283 yards in the loss. The #Seahawks are 11-0 ATS since 2018 at hom...
https://x.com/SBBreakers/status/1597356540125917184,Pittsburgh lost to the #Bengals last week but still scored 30 points at home. The #Steelers are 11-0 ATS since 2019 when they are not a 5...
https://x.com/SBBreakers/status/1597376039579254786,The #Colts led 10-3 at the half of last week's narrow 17-16 loss to the #Eagles. Indy has gone UNDER in 7 straight games coming off a los...
https://x.com/SBBreakers/status/1598473915613212672,The #Patriots are coming off 33-26 shootout loss to the #Vikings that went OVER the total by 17 points. New England has gone OVER in all...
https://x.com/SBBreakers/status/1599243225122115585,It was a down week last week in the #NFL but we are still an amazing 70-42 this season on game selections. This week is a much stronger c...
https://x.com/SBBreakers/status/1599409438099750918,The #Seahawks scored 34 points in last week's OT loss to the #Raiders. Seattle is 21-0 ATS (and 21-0 SU) as between a 10-point favorite a...
https://x.com/SBBreakers/status/1599427809075638272,The Washington Football Team is red hot having won 3 straight games. The #Commanders have gone UNDER in 10 straight games since 2019 on a...
https://x.com/SBBreakers/status/1599440392251793410,"Today's #Jaguars/#Lions game has one of the highest totals of any #Jags game the past few seasons at 51 However, Jacksonville has gone UN..."
https://x.com/SBBreakers/status/1599450709963034625,The #Commanders ran for 176 yards in last week's win over the #Falcons.#WFT have gone UNDER in 8 straight games since 12-2020 when they r...
https://x.com/SBBreakers/status/1600875029389971456,The #Raiders are road favorites vs the #Rams on #TNF for good reason but have really struggled in this situation.#RaiderNation has failed...
https://x.com/SBBreakers/status/1600933292303269888,"The #Rams enter tonight's #TNF on a 6-game slide. HOWEVER, the #Raiders are 0-8 ATS and just 2-6 SU since 12-2017 when facing a team that..."
https://x.com/SBBreakers/status/1601778601057480705,"We are a massive 77-45 with our #NFL game ATS & OU selections this season. This week is a solid slate with 7 selections, 5 sides and 2 to..."
https://x.com/SBBreakers/status/1601958338174009347,"We are 77-45 this season with #NFL game selections! Today we have 7 selections, 5 sides and 2 totals, as well as 3 player props including..."
https://x.com/SBBreakers/status/1601965938563321857,"The #Lions hung 40 points last week in their blowout win over the #Jaguars. However, Detroit is 0-13-1 ATS since 2011 when they scored at..."
https://x.com/SBBreakers/status/1601977501747712000,The #Seahawks look to get rolling again after failing to cover in 3 straight games. Seattle is an incredible 21-1 ATS since November 2006...
https://x.com/SBBreakers/status/1601994293580791812,The #Jaguars threw for just 171 yards last week but the #Titans allowed 386 passing yards. Jacksonville is 0-9 OU since 2021 when they th...
https://x.com/SBBreakers/status/1602359158753431564,The #Nets are nice 6-point road favorites in Washington tonight to face the #Wizards. The #NetsWorld have gone OVER the total 11 straight...
https://x.com/SBBreakers/status/1604146283232612355,The #Vikings ran for just 22 yards last week in a loss to the #Lions. The Vikings have gone OVER in 13 straight games since November 2021...
https://x.com/SBBreakers/status/1604187150077001732,Washington State's defense was torched for 51 points in a #AppleCup loss to #Washington. #WashingtonState has gone UNDER in all 11 games...
https://x.com/SBBreakers/status/1604205951112052736,The #Ravens offense was not dynamic but not turning the ball over was a huge factor in their 16-14 win over the #Steelers. The Ravens are...
https://x.com/SBBreakers/status/1604337612352782336,It was a perfect Saturday in the #NFL with winners on:#Ravens/#Browns Under ✅✅#Dolphins +7 ✅ Kirk Cousins Over 1.5 TDs ✅✅ Now 82-50 this...
https://x.com/SBBreakers/status/1604489103872995328,Nearly a perfect day yesterday: Ravens/Browns U✅ Dolphins✅ Cousins TDs O✅ Bucks ✅ Simons Points O✅ Fresno✅ BYU✅ Boise❌ Today's 5 NFL sele...
https://x.com/SBBreakers/status/1604489844616736769,Jacksonville ran for just 60 yards in last week's win over the #Titans. The #Jaguars are 0-14 & 0-13-1 ATS since 2018 when they ran for n...
https://x.com/SBBreakers/status/1604852794564935680,You can also get just the #MNF #NFL package $20 Just the Myrtle Beach Bowl Total $15 Our complete Bowl Season package (78-44 last 7 seaso...
https://x.com/SBBreakers/status/1604921444802199579,Weak teams that have been favored on #MNF have not been ripe for upsets. The last 14 #MondayNightFootball favorites of more than 4 points...
https://x.com/SBBreakers/status/1606482217135476739,The main #NFL slate is a day early tomorrow and we have 4 #NFL selections (86-53 on the season!) and 2 player props! Get the Saturday #NF...
https://x.com/SBBreakers/status/1606668131677659136,"Keeping our monster #NFL season going we have 4 selections today, including 2 in the night game, plus 2 player props. We also have a STRO..."
https://x.com/SBBreakers/status/1606670763074912257,The #Cowboys are looking to bounce back from their OT loss to the #Jaguars last week. Dallas is 8-0 ATS (+17.0 ppg) and 8-0 overall (+19....
https://x.com/SBBreakers/status/1606690464173854722,"The #Vikings could not focus on the run during last week's historic comeback vs the #Colts, with just 92 yards on the ground. Minnesota h..."
https://x.com/SBBreakers/status/1606702611645841409,The #Falcons are 0-8 ATS since December 2008 when they threw for less than 135 yards last game. That includes 0-4 ATS this season! Atlant...
https://x.com/SBBreakers/status/1607053682985541633,Denver is a small road favorite vs the #Rams today in a low total game of 36.5. The #Broncos are 0-8 ATS (and 0-8 SU) on the road when th...
https://x.com/SBBreakers/status/1607084133578117120,Denver has often been an UNDER heavy team but their last two games have both gone over the total. The #Broncos are 0-8 ATS (and 0-8 SU) c...
https://x.com/SBBreakers/status/1607477752252272640,The #Colts enter #MNF after blowing a 33-point halftime lead last game! There hasn't been a carryover after blowing a huge halftime lead....
https://x.com/SBBreakers/status/1608490813574754306,It is a full day across sports for us with: 4-STAR #PinstripeBowl side 4.5-STAR #AlamoBowl side 3 Bonus OU #BowlSeason trends#NFL Player...
https://x.com/SBBreakers/status/1608644241244434433,FYI over the last 5 years: 1st divisional meeting of the season: 57.1% to the UNDER 2nd divisional meeting of the season: 53.6% to the OV...
https://x.com/SBBreakers/status/1609334993993564160,"We are 88-56 this season on #NFL game selections. Sunday is a STRONG card with 9 total selections, 6 sides and 3 totals, + 2 player props..."
https://x.com/SBBreakers/status/1609571186190553090,One of the largest team trends in the #NFL is active again today! The #Broncos have gone UNDER 25 straight times since October 2017 when...
https://x.com/SBBreakers/status/1609571576013328385,"Lookin to build on our 88-56 record this season on #NFL game selections, today there is strong action with 9 total selections 6 sides and..."
https://x.com/SBBreakers/status/1609598592347422722,The #Jaguars are favored vs the #Texans today after being dogs in their win over the #Jets last week. The Jaguars are 0-12 ATS since Octo...
https://x.com/SBBreakers/status/1609605838355984384,The #Panthers covered by 16 points in last week's critical upset win over the #Lions. The Panthers are 11-0 ATS since November 2017 when...
https://x.com/SBBreakers/status/1611754240673726465,92-61 so far this #NFL season. We have a total & player prop going in tonight's #Titans/#Jaguars showdown. Get both for just $15 We also...
https://x.com/SBBreakers/status/1611791366752698370,#Chiefs/#Raiders today has a total of 52.5. #RaiderNation has struggled in high total games going 0-6 ATS (-16.3 ppg) and 0-6 SU (-15.8 p...
https://x.com/SBBreakers/status/1611940058621267968,"Off to a nice start to week 18 with Titans/Jags Under ✅ Josh Dobbs Rushing Yards Over ✅ 7 selections on Sunday with 6 sides and a total,..."
https://x.com/SBBreakers/status/1612105004327763970,"There are low totals all over the #NFL today including #Ravens/#Bengals with a total of 39.5 Since 9-15-19, the #RavensFlock is 0-11-1 OU..."
https://x.com/SBBreakers/status/1612105323690528769,Already 1-0 on the week (with an additional a player prop win) we are now 93-61 on the NFL season! Today we have 7 game selections with 6...
https://x.com/SBBreakers/status/1612128181162737664,"The #Vikings seem to be a well justified TD favorite vs the #Bears today. HOWEVER, Minnesota is 0-10-1 ATS since 10-24-19 when they are m..."
https://x.com/SBBreakers/status/1612141029372878850,The #Rams face a #Seahawks team that has averaged just 24.3 rushes per game this season. The Rams are 0-20-3 OU since October 2018 in the...
https://x.com/SBBreakers/status/1612196048989986817,That 12 second span where my #Jets +3.5 lost and #Texans +2.5 won was peak Week 18 gambling.
https://x.com/SBBreakers/status/1613638446719074304,The #Buccaneers are the 1st #NFL playoff team since at least 2001 to cover the spread in less than 5 regular season games (and in 17 game...
https://x.com/SBBreakers/status/1613982176894132225,98-63 with #NFL selections this season 75-55 with #NFLPlayoffs selections the past 9 years. On #WildCardWeekend we have 3 sides & a total...
https://x.com/SBBreakers/status/1614336893017104386,A notable #Seahawks #NFLPlayoffs trend spanning the Pete Carroll era and beyond. Seattle's games have gone OVER the total 11 straight tim...
https://x.com/SBBreakers/status/1614391030236717059,The #Jaguars allowed just 16 points to the #Titans in their must have win last week. The #Chargers have gone OVER in 9 straight games wit...
https://x.com/SBBreakers/status/1614399384715673612,#NFLPlayoffs favorites of more than 7 points who trailed at half by 7 points or less have still gone on to win the game 7 of 9 times. A b...
https://x.com/SBBreakers/status/1614660387022204930,It was a slow start to the #NFLPlayoffs but we have a long-track record of success being able to learn on dozens of playoff-specific syst...
https://x.com/SBBreakers/status/1614682421311541249,Double-digit #NFLPlayoffs favorites have cover in 11 straight games! The #Bills easily qualify today as -14 favorites vs the #Dolphins. @...
https://x.com/SBBreakers/status/1615056290656710656,Won our top #NFL play on the #Ravens in an otherwise disappointing day. Today we have: 4.5-STAR NFL Total of the Week NFL Top Prop of the...
https://x.com/SBBreakers/status/1615081411093954576,The #Cowboys are looking to bounceback from their week 18 loss to the #Commanders.#DallasCowboys are 9-0 SU & 9-0 ATS since 12-13-20 with...
https://x.com/SBBreakers/status/1616527712608288780,"Simple, large trends backing each side of this weekend's #Bengals/#Bills showdown. The Bills are 12-0 ATS since 2017 coming off a 1-3 poi..."
https://x.com/SBBreakers/status/1616656412607926273,"We're 100-65 this #NFL season and 77-57 the past 9 #NFLPlayoffs, going 2-2 last week.#DivisionalRound Weekend is here and we have a side,..."
https://x.com/SBBreakers/status/1616823511544201219,- 100-65 this #NFL season - - 77-57 the past 9 #NFLPlayoffs - 2-2 last week winning Side & Total of the Week#DivisionalRound Weekend we h...
https://x.com/SBBreakers/status/1616904846304493571,The #Jaguars enter today's game having allowed 30 points to the #Chargers in last week. Jacksonville has gone UNDER in all 11 games since...
https://x.com/SBBreakers/status/1616910593407041536,The #Jaguars are heavy 9.5-point underdogs in today's #NFLPlayoffs matchup in KC. All 9 Jacksonville games since January 2021 as a 7-16 p...
https://x.com/SBBreakers/status/1616943728572395521,"The #Wizards are 7-point favorites tonight hosting the #Magic. Washington is 0-14 ATS since May 16, 2021 as at least a 5-point favorite w..."
https://x.com/SBBreakers/status/1616952030492237826,"This season, the #Giants have been very strong as a road dog. #NYGiants are 6-0 ATS this season when they are a 3+ point dog away from ho..."
https://x.com/SBBreakers/status/1619393744574324740,We could not be more ready for #ChampionshipSunday in the #NFL tomorrow. We have just 1 game selection but it is a huge 4.5-STAR Side bac...
https://x.com/SBBreakers/status/1619711763330793474,The #Eagles put up 38 points on an overmatched #Giants team last week but could Sunday not be a high-scoring followup? The Eagles are 3-2...
https://x.com/SBBreakers/status/1619759300947345409,Today is incredibly the 22nd home game Andy Reid has coached in the #NFLPlayoffs. The current line of #Chiefs -2 matches the highest line...
https://x.com/SBBreakers/status/1620120089298345987,"A quick #SDQL tips for looking at past #SuperBowl games. Because of the ""home"" Super Bowl for the Bucs, this list will uses an extra step..."
https://x.com/SBBreakers/status/1624902165838831620,"The #Eagles have run for an impressive 154 yards per game this season. In @Killer_Trends database history (since 2001), teams that have r..."
https://x.com/SBBreakers/status/1625159061468549120,Split the side and total in last night's Super Bowl but that was more than made up for going 8-4 +515 on props!#Chiefs having the most ru...
https://x.com/SBBreakers/status/1643023009366564864,The #Rays have won each of the last 13 times they have been at least a -165 favorite. Tampa Bay is a -170 favorite in Washington tonight...
https://x.com/SBBreakers/status/1646948513643634703,The #Guardians and #Nationals meet tonight with both teams having been off yesterday. Washington is 0-12 since July in a game where both...
https://x.com/SBBreakers/status/1648458887001960448,The 100 pitches Clayton Kershaw threw in his last start vs the #Giants which is a lot for this stage of his career. Kershaw is 16-0 since...
https://x.com/SBBreakers/status/1649050823585042432,"And just to clarify, favorites have in fact done quite well the past several seasons and there is validity to betting playoff favorites...."
https://x.com/SBBreakers/status/1649818596678197248,The #Bucks have been absolutely dominating as road favorites this season. Milwaukee is 11-0-1 ATS since January as a single-digit road fa...
https://x.com/SBBreakers/status/1656024740488781828,The #Giants are massive favorites vs the #Nationals tonight despite scoring just 1 run in a loss yesterday. The #SFGiants are 0-10 since...
https://x.com/SBBreakers/status/1656362022546599938,The record of teams that are down 3-1 in a playoff series but are at least 5-point favorites 2003-2022: 16-0 2023: 0-2 The #Warriors are...
https://x.com/SBBreakers/status/1670109297097969664,The #SFGiants are on a 5-game winning streak but have really struggled to keep big runs going. The #Giants are just 1-9 since October 202...
https://x.com/SBBreakers/status/1699870148872794418,For what its worth Jared Goff led teams have exceeded expectations in their opener every season. He is 6-0 ATS in his career in week one...
https://x.com/SBBreakers/status/1699897077570875856,The prime time spotlight is on tonight's #Lions/#Chiefs #NFLKickoff game. Can Detroit handle the spotlight?#ChiefsKingdom has a long trac...
https://x.com/SBBreakers/status/1700257497448435903,Medium lean towards Panthers
https://x.com/SBBreakers/status/1700865269059518689,"With all the close games they play, Minnesota has STRUGGLED to cover large lines. The #Vikings are 0-10-1 ATS since 10-24-19 when they ar..."
https://x.com/SBBreakers/status/1700878040056705337,It's an extremely tight line in #Packers/#Bears and that has spelled trouble for Chicago. The Bears are an awful 0-8-1 ATS since November...
https://x.com/SBBreakers/status/1701656456917811653,Just rewatched #Panthers/#Falcons it hit me crystal clear during that game. A Zach Wilson led #Jets team would be RIGHT at home with thes...
https://x.com/SBBreakers/status/1701679886094459189,The #Falcons threw for a MERE 91 yards in Sunday's win over the #Panthers. Atlanta has failed to cover 9 straight games coming off a game...
https://x.com/SBBreakers/status/1702315190878978440,This HUGE Vikings trend points to the OVER for Thursday Night Football! Minnesota's games have gone OVER the total in all 15 times since...
https://x.com/SBBreakers/status/1702340214675419251,Monday night's 4 turnovers was far from the first time Josh Allen and the Bills have gotten loose with the ball. The good news is the #Bi...
https://x.com/SBBreakers/status/1702376636845314357,The #Vikings come into Thursday Night Football after losing in week 1 as a 4-point favorite vs the #Bucs. Kirk Cousins teams have had the...
https://x.com/SBBreakers/status/1702383652577968306,"The lone active on this amazing first 4 weeks #NFL system was to play on the #Packers Sunday, moving it to 92-32. It should be active at..."
https://x.com/SBBreakers/status/1702394874396282980,"A BIG week one win in the #NFL is probably not nearly as instructive as you might think it is. In week 2, teams that won by double digits..."
https://x.com/SBBreakers/status/1702413865802211824,The bright spot for the #Vikings in their week 1 loss to the #Bucs was Kirk Cousins throwing for 344 yards. However that has not been sus...
https://x.com/SBBreakers/status/1702671886218416145,"Did you know, in his ENTIRE CAREER, Lamar Jackson has never let bettors down when he's a regular season underdog! The #Ravens are 10-0-1..."
https://x.com/SBBreakers/status/1702735802826993818,The run game has been an important indicator for the #Raiders recent and it was not good with just 61 yards on 29 rushes in the week 1 wi...
https://x.com/SBBreakers/status/1703397981922189655,One of the largest team trends you'll ever see is active today. The #Broncos have gone UNDER in 25 straight games since October 2017 when...
https://x.com/SBBreakers/status/1703404559551340727,"Since January 2022, the #Jaguars not only COVERED but have WON OUTRIGHT in all 6 of their games as a home dog! The #Chiefs meanwhile have..."
https://x.com/SBBreakers/status/1703421549980926323,The last Super Bowl champion to begin 0-2 were the 1999 #Broncos and there were certainly extenuating circumstances there with John Elway...
https://x.com/SBBreakers/status/1703429336156582263,"Lamar Jackson has NEVER lost against the spread as a regular season dog, going 10-0-1 ATS in his career! That will be put to the test by..."
https://x.com/SBBreakers/status/1703443192560140635,"The #Falcons won a low scorer in week 1, 24-10 over the #Panthers in a game with a total of 40.5. Since 11/18/21, when Atlanta's last gam..."
https://x.com/SBBreakers/status/1703764967470649564,You probably know know the #Steelers have dominated the #Browns in Pittsburgh. But did you know they have also DOMINATED hosting Monday N...
https://x.com/SBBreakers/status/1703777124513935864,"The #Browns ran for 206 yards last week over the #Bengals and with Nick Chubb you'd think that'd be a good thing going forward. However,..."
https://x.com/SBBreakers/status/1703808879673463168,The #Browns are coming off a huge 21-point win and the #Steelers are coming off a huge 23-point loss. Historically that has meant a flip...
https://x.com/SBBreakers/status/1703812471067185344,"Your correct, it's more so historical content and not a selection or anything. But the Steelers have been quite good just lately off big..."
https://x.com/SBBreakers/status/1703816700066476161,The #Panthers finished last season 5-4 at home and it was a wild split as to how they got there. As a home dog: 5-1 overall As a home fav...
https://x.com/SBBreakers/status/1703834680020148278,"The #Browns are small road favorites in Pittsburgh tonight. In the Kevin Stefanski era, Cleveland has played conservative in favorable ro..."
https://x.com/SBBreakers/status/1703841789080162590,The #Steelers needs to adjust tonight after they allowed 30 points the #49ers in their opener. Pittsburgh is 6-0 overall and 6-0 ATS sinc...
https://x.com/SBBreakers/status/1703866733470375993,"The #Saints 16-15 win vs the #Titans went UNDER by 10.5 points. Since 2020, New Orleans has also gone UNDER all 8 times when they have at..."
https://x.com/SBBreakers/status/1703886699435012481,"Allowing just 15 points was the key to the #Saints week 1 win over the #Titans. Last season, the game UNDER was 6-0 for New Orleans after..."
https://x.com/SBBreakers/status/1703911954174095830,The #Browns have a significant talent edge heading into Pittsburgh to face the #Steelers tonight. But will that be enough to outcome Pitt...
https://x.com/SBBreakers/status/1704120738830053791,Or I think maybe Browns fan ls just want him to be good… full stop. That seems like what you would want from your quarterback. What a wil...
https://x.com/SBBreakers/status/1704132239351845214,So there are only 4:00 EST window games this Sunday and they are:#Panthers @ #Seahawks #Bears @ #Chiefs #Cowboys @ #Cardinals And then #S...
https://x.com/SBBreakers/status/1704136421840212391,The #Browns are now 0-13 ATS (and overall) since 10/10/2021 when they are not more than 4-point favorites after rushing for 140+ yards la...
https://x.com/SBBreakers/status/1704181306253529481,The #Giants scored 11 runs Sunday in a win in Colorado. But it is a new series today vs the #Dbacks. The #SFGiants have gone UNDER in all...
https://x.com/SBBreakers/status/1704195182013366309,Another trend that is active for the 2nd straight week after a winner Thursday.#Vikings games have gone OVER the total 16 straight times...
https://x.com/SBBreakers/status/1704492094692233299,Another repeat trend from last week on the #Raiders after they again struggled to run vs the #Bills with 55 rushing yards. Las Vegas is 0...
https://x.com/SBBreakers/status/1704541429505343563,It was a WILD 35-33 upset for the #Commanders last week as a 4-point dog vs the #Broncos. 10 straight Washington games have gone UNDER si...
https://x.com/SBBreakers/status/1704852510937121108,"While the #Giants made a furious comeback last week to defeat the #Cardinals, 31-28, they still did not cover the -4.5 line in that game...."
https://x.com/SBBreakers/status/1704861921978032571,0-2 #NFL teams are in a critical must-win spot. So which teams are extremely likely to avoid 0-3? Teams that came into the season with hi...
https://x.com/SBBreakers/status/1704866729753481608,So this is not using last season's wins but their preseason win total (the betting line) for THIS season. The Vikings were at just 8.5.
https://x.com/SBBreakers/status/1704873850779980233,The #Giants are on short rest tonight coming off a wild 3-point win over the #Cardinals Sunday. The Giants are 9-0 ATS since 2018 with no...
https://x.com/SBBreakers/status/1704927297705218373,"Last season, the #NYGiants made the most of getting significant points away from home. The Giants were 6-0 ATS in 2022 in the regular sea..."
https://x.com/SBBreakers/status/1704935593514348824,Daniel Jones has run into his fair share of trouble with the prime time spot light. The #Giants are just 1-11 in night games under Jones....
https://x.com/SBBreakers/status/1704957785866227806,It is a showdown of ranked teams this week in #OregonState vs #WashingtonState in what might be the only true #Pac12FB game left! Washing...
https://x.com/SBBreakers/status/1704971808099696815,Are you wondering the value of a certain Up 7 early win promotion for the #NYGiants tonight? In 352 #NFL games in @KillerSportsCom databa...
https://x.com/SBBreakers/status/1705242357967343692,"The #Ravens are large 8-point favorites hosting the #Colts Sunday. The last 9 times Baltimore has been a 4+ point favorite, every game ha..."
https://x.com/SBBreakers/status/1705300512139030850,Playing as a large home favorite has given the #Chiefs some license to play conservative. As a home favorite of more than a TD when it th...
https://x.com/SBBreakers/status/1705603661097828397,The Pats/Jets side is one of our selections in the package!
https://x.com/SBBreakers/status/1705634380947857812,We are 12-10 on the #NFL season including a strong 10-4 on sides! 8 sides and 2 totals this Sunday. The includes 4 4.5-STAR Sides! Get th...
https://x.com/SBBreakers/status/1705674468704567409,We have 10 #NFL selections Sunday available in this package! We are releasing 1 of those selections in #BUFvsWAS FREE here! Check out the...
https://x.com/SBBreakers/status/1705936964376031278,Green Bay threw for just 140 yards last week in a loss to the #Falcons. The #Packers are 12-0-1 to the UNDER since December 2018 when the...
https://x.com/SBBreakers/status/1705949666515320938,The #Ravens are coming off a hard-fought 27-24 win vs the #Bengals last Sunday. Baltimore has gone UNDER in 9 straight games since Januar...
https://x.com/SBBreakers/status/1705953986967200187,There is still plenty of time to purchase our 10 #NFL selections today. And you can see one of these selections below! Each of our select...
https://x.com/SBBreakers/status/1705968091937566810,The #Saints defense has been locked so far this season including allowing 17 points to the #Panthers on #MNF. New Orleans has gone UNDER...
https://x.com/SBBreakers/status/1705979152929562801,Baltimore is a strong home favorite vs the #Colts today. Will that mean conservative play as it did in week 1 and during the last 2 years...
https://x.com/SBBreakers/status/1706018326206366124,It is a high total is #Bears/#Chiefs and that might be a off with the Chiefs as large favorite Kansas City has gone UNDER 13 straight tim...
https://x.com/SBBreakers/status/1706074531243188698,The #Raiders rushing attack has been awful this season including just 55 yards last game. Las Vegas is 0-13-1 ATS since Jan. 2017 when th...
https://x.com/SBBreakers/status/1706300772252537332,"We're 6-5 on the #NFL week after a mixed Sunday that could have been much bigger. 1 large NFL play Monday, with our Total of the Week bac..."
https://x.com/SBBreakers/status/1706304798344257712,The #Eagles ATS performances as a road favorite has been just so-so. But outright they keep getting wins. Philadelphia has now won its la...
https://x.com/SBBreakers/status/1706343553818079343,"The #Eagles had a MONSTEROUS 259 rushing yards in last week's win vs the #Vikings. However, Philadelphia is 0-11 ATS when the total is at..."
https://x.com/SBBreakers/status/1706355633623044223,"For the #Rams, primetime games have meant low scoring games. The Rams last 9 night games have all gone UNDER the total. #SDQL #NFL #NFLTw..."
https://x.com/SBBreakers/status/1706364190036832629,"After the #Chargers won, teams that are 0-2 and came into the season with a win total over 9 are now 10-0-1 since 2014. The #Bengals had..."
https://x.com/SBBreakers/status/1706374256034975805,The #Bengals have lost the first two games of the year but they have bared down and exceeded expectations looking to avoid a long losing...
https://x.com/SBBreakers/status/1706491729686274224,A nice winner on the UNDER in #Eagles/#Bucs tonight. A truly beautiful game ending drive by #FlyEaglesFly to clinch the game and the Under!
https://x.com/SBBreakers/status/1706666557362118683,Last week we highlighted that 0-2 teams with high win totals were undefeated of late and both the #Bengals & #Chargers kept that run goin...
https://x.com/SBBreakers/status/1707024549194179067,The #Chargers are nice 5.5-point favorites facing the #Raiders Sunday. Will that mean a high-scoring game? Chargers games are 10-0-1 to t...
https://x.com/SBBreakers/status/1707096012018659442,The #Bucs allowed 201 rushing yards Monday in their loss to the #Eagles. The #Buccaneers are 0-10-2 ATS since December 2018 when they all...
https://x.com/SBBreakers/status/1707382960096219638,"To beat Patrick Mahomes and the #Chiefs, at least the ability to get into a shootout has been a requirement. Mahomes and the Chiefs are a..."
https://x.com/SBBreakers/status/1707392068593561756,"In his ENTIRE CAREER, Lamar Jackson has never let bettors down when he's a regular season underdog! The #Ravens are 11-0-1 ATS in Jackson..."
https://x.com/SBBreakers/status/1707409361293754631,The #Lions are coming off a dominating 20-6 win over the #Falcons Sunday. Detroit is a perfect 8-0 ATS since December 2018 when they won...
https://x.com/SBBreakers/status/1707436575636746265,The #Lions defense dominated last week holding the #Falcons to just 6 points. Detroit is an impressive 9-0 ATS since 2019 when they allow...
https://x.com/SBBreakers/status/1707476988653416617,The #Packers have been a very live dog in recent seasons. Green Bay is 11-2 ATS (8-5 overall) since 2021 as a dog. Green bay is 4-0 ATS (...
https://x.com/SBBreakers/status/1707492529774428652,"Our quick-handed analysis of the ""Up 7 Win Early"" promotion was popular last week so we'll run it back here. Since 2013, road favorites o..."
https://x.com/SBBreakers/status/1707749077419446533,The #Cardinals are coming off the upset of the year thus far when they defeated the #Cowboys 28-16 as a 11.5-point dog. How do teams do a...
https://x.com/SBBreakers/status/1707762619686195679,"In a battle of the winless, the #Bears are playing to another close line this week as they face the #Broncos as 3/3.5-point dogs. Chicago..."
https://x.com/SBBreakers/status/1707819649860030874,The #Broncos are coming off a historic 50-point loss to the #Dolphins last week. HOWEVER there is good news. Denver is 9-0 ATS since 2018...
https://x.com/SBBreakers/status/1708134608636727332,This game is one of the selections in our NFL package tomorrow:
https://x.com/SBBreakers/status/1708135787903016975,Leans Jets (but shutter thinking about that!)
https://x.com/SBBreakers/status/1708136443107754448,This game is one of the selections in our NFL package tomorrow:
https://x.com/SBBreakers/status/1708186093286207527,"It has been a positive start to the #NFL season and that should continue tomorrow with 7 NFL selections, 3 sides and 4 totals. Each is ba..."
https://x.com/SBBreakers/status/1731364674271326544,"Last week's upset win vs the #Lions went OVER, making it 7 straight times the #Packers have gone OVER coming off an upset win. And it's a..."
https://x.com/SBBreakers/status/1732065292845449234,"The #Saints are 5.5-point favorites on Sunday hosting the #Panthers. However, New Orleans is 0-8-1 ATS since December 2022 as a favorite..."
https://x.com/SBBreakers/status/1732139923547799598,The #Raiders allowed 31 points in that game vs the #Chiefs which did go OVER. Las Vegas is now 11-0 to the OVER since December 2019 as a...
https://x.com/SBBreakers/status/1733201745977786544,The #Falcons won vs the #Jets last week but still scored just 13 points in that game. Atlanta is 7-0 to the UNDER since Nov. 2021 when th...
https://x.com/SBBreakers/status/1733877985198116957,This line has surprisingly stayed at #Raiders +3 all week. Las Vegas is 11-0 to the OVER since Dec. 2019 as a home dog of more than 2 poi...
https://x.com/SBBreakers/status/1733888051611668564,The #Chiefs are small favorites looking to bounce back from an 8-point loss to the #Packers The Chiefs are 12-0 to the UNDER since Oct. 2...
https://x.com/SBBreakers/status/1733903906151752104,Can the #Falcons improve on the 13 points they scored vs the #Jets last week? Atlanta is 7-0 to the UNDER since Nov. 2021 when they score...
https://x.com/SBBreakers/status/1734307491029144013,You might not realize it but the #Giants enter #MNF tonight on a 2-game winning streak. Green Bay is 9-0 ATS since 2019 on the road in th...
https://x.com/SBBreakers/status/1734345205082403040,Last week's #Colts/#Titans game went over the total by 17 points! Tennessee is 8-0-1 to the UNDER since December 2020 when their last gam...
https://x.com/SBBreakers/status/1734583339758084242,"Forget just in the last 3 minutes, HUGE underdogs just don't make big comebacks like the #Titans did last night. With Tennessee's win las..."
https://x.com/SBBreakers/status/1734594920206242171,"The #Broncos have a rare Saturday night game this week and we know what that means. UNDERS! Since December 2020, the UNDER is 10-0 in Den..."
https://x.com/SBBreakers/status/1734613809271312797,The #Bills have a monster matchup with the #Cowboys Sunday coming off their 3-point win over the #Chiefs. Buffalo is a strong 11-0-1 ATS...
https://x.com/SBBreakers/status/1734663963235811384,Since we last posted this trend it has been 2 more unders in this spot for the #Panthers. Carolina is now 9-0 to the UNDER since Dec. 202...
https://x.com/SBBreakers/status/1734983601131815078,"The #Bears covered by 18 points last week in a 28-13 upset win vs the #Lions. However, Chicago is 0-7 overall & 0-7 ATS since January 202..."
https://x.com/SBBreakers/status/1735051831422898446,Late scoring in the #Packers/#Giants #MNF game sent it OVER by 9 points. The NY Giants are 9-0-1 to the UNDER since 2020 coming off a gam...
https://x.com/SBBreakers/status/1735324637913850124,The #Raiders are 3-point favorites on #TNF despite their ugly 3-0 loss to the #Vikings last week. The Raiders are 0-11 ATS (& just 2-9 ou...
https://x.com/SBBreakers/status/1735699315874582929,"After a strong start to the season, the #Saints defense had been shaky until allowing just 6 points to the #Panthers last week. New Orlea..."
https://x.com/SBBreakers/status/1735749878792249781,The #Lions 127 passing yards last game was an extremely low number by their standards in last week's loss to the #Bears. Detroit is 8-0 A...
https://x.com/SBBreakers/status/1736034583848669357,The #Steelers are small underdogs vs the #Colts today after throwing for just 182 yards vs the #Patriots last game despite trailing the w...
https://x.com/SBBreakers/status/1736043041511592223,It is a high-total game in Detroit with the #Broncos coming off a 24-7 win over the #Chargers. Denver is 20-0 to the UNDER since December...
https://x.com/SBBreakers/status/1736053540395565414,About as simple of a trend as you can get. The #Lions have been bouncing back from their losses! Detroit is 6-0 overall and 6-0 ATS since...
https://x.com/SBBreakers/status/1736083123165606173,A question we seriously thought about week. Does primetime have the same affect on Russell Wilson and the #Broncos indoors? We'll see ton...
https://x.com/SBBreakers/status/1736400164997255655,A combination of factors has led to a VERY low total in #Jets/#Dolphins and that has been a surprisingly good spot for Miami. The Dolphin...
https://x.com/SBBreakers/status/1736411484882718925,The #Bills are just small favorites hosting the #Cowboys today coming off a small but key win in Kansas City last week. Buffalo is a stro...
https://x.com/SBBreakers/status/1736416638788915320,Last week was another lower scoring effort from the #Chiefs with just 17 points in their loss to the #Bills. The Chiefs are 8-0 ATS since...
https://x.com/SBBreakers/status/1736425726209863842,"In a related trend, the #Saints have also been going UNDER after big wins! The Saints are 9-0 to the UNDER since January 2020 when they w..."
https://x.com/SBBreakers/status/1736431194143629730,The #Bears covered by 18 points last week but doing it twice in a row has not happened for this team. Chicago is 0-7 overall & 0-7 ATS si...
https://x.com/SBBreakers/status/1736477147940684176,Last week's high #Cowboys total vs the #Eagles went UNDER but it is another high total as they take on the #Bills today. Dallas is 9-0 to...
https://x.com/SBBreakers/status/1736536192525517081,Are the #Commanders aware that there is a clock in football?
https://x.com/SBBreakers/status/1736548227610976432,Today’s full selections were 6-2 in the #NFL as well#Saints ✅#Jets/#Dolphins Under ✅#Texans ✅#Commanders ❌#Bills ✅#Cardinals ❌#Cowboys/#B...
https://x.com/SBBreakers/status/1736772600687202337,"Not only did the #Eagles fail to cover vs the #Cowboys, they failed to cover by 16.5 points making it active again! Philadelphia is 0-12..."
https://x.com/SBBreakers/status/1736787319057768908,The #Eagles put great importance on dominating time of possession. That didn't happen vs the #Cowboys with with a season-low 23:24 of pos...
https://x.com/SBBreakers/status/1736828032646562044,The #Seahawks are on an ultra rare 4-game losing streak. They did not play on a single 3-game losing streak between 2012 and 2020! But th...
https://x.com/SBBreakers/status/1736848553014686128,"Related to this, with Pete Carroll as the coach of the #Seahawks, they are an INCREDIBLE 23-5 ATS when on a 2+ game losing streak. That i..."
https://x.com/SBBreakers/status/1736871007816720881,The #Seahawks are coming off a 12-point loss to the #49ers last week. Seattle is 5-0 ATS since 2021 as a dog off a loss by more than one...
https://x.com/SBBreakers/status/1736959945164120188,"If this game ends with #Eagles by 4, it is going to be one of the all-time your mileage may vary results. pic.twitter.com/YK9sKbJpY8"
https://x.com/SBBreakers/status/1737138915306352644,The #Lions got back on track on Saturday with a 42-17 win over the #Broncos. Detroit is 10-0 ATS since 2020 coming off a win by more than...
https://x.com/SBBreakers/status/1737494642831065395,"It is a Monday night showdown with the #Ravens currently 5.5-point dogs as the powerhouse #49ers. In his career, Lamar Jackson has NEVER..."
https://x.com/SBBreakers/status/1737511754651836741,We know the #Dolphins have struggled against good teams. Miami is 0-8 ATS since October 2022 when they are not 7+ point dogs facing a tea...
https://x.com/SBBreakers/status/1737854467700351059,"It is #Saints/#Rams on #TNF tonight in an important game for both teams. In night games, the Rams have really tried to grind things out...."
https://x.com/SBBreakers/status/1737875875822006346,Last week's #Giants/#Saints game went UNDER making this trend 11-0 and the Saints allowed just 6 points to make it active again on #TNF t...
https://x.com/SBBreakers/status/1737928030817825269,The #Saints gained 296 yards last week in their 24-6 win over the #NYGiants. The Saints are 13-0 to the UNDER since November 2020 coming...
https://x.com/SBBreakers/status/1738219459368616396,The #Bills are an extremely dangerous team when their rushing attack is going and last week it dominated with 266 yards on the ground vs...
https://x.com/SBBreakers/status/1738235610207297542,The #Falcons are off an ugly 9-7 loss to #Panthers the low scoring is a bad sign for Atlanta on both ends. Atlanta is 0-6 ATS since Dec....
https://x.com/SBBreakers/status/1738595952351420532,A strong running game is a scary thought for the #Bills after Buffalo put up 266 yards on the ground vs the #Cowboys on Sunday. Buffalo i...
https://x.com/SBBreakers/status/1738611623240053134,Last week's disaster for the #Chargers in Las Vegas went OVER the total by 48 points! The Chargers are 0-9 ATS & overall since November 2...
https://x.com/SBBreakers/status/1738929721335758937,The #Packers are laying points in Carolina today but have struggled the past 2 years when laying significant points. Green Bay is 0-8 ATS...
https://x.com/SBBreakers/status/1738937322660364459,The total in #Cowboys/#Dolphins has been dipping but is still above 48 currently. Dallas is 10-0 to the UNDER since November 2021 with mo...
https://x.com/SBBreakers/status/1738943865627828261,The #Broncos are looking to bounce back on #SNF as big favorites coming off a 25-point loss to the #Lions. Denver is are 10-0 ATS since 2...
https://x.com/SBBreakers/status/1738951415165558858,Can the #Dolphins actually win and cover vs a good team? Miami is 0-8 ATS since October 2022 when they are not 7+ point dogs facing a tea...
https://x.com/SBBreakers/status/1738958461780533385,"For the #Cowboys, back-to-back road games has generally meant unders. Dallas is 13-0 to the UNDER since December 2017 on the road when th..."
https://x.com/SBBreakers/status/1738960475004580255,Were are 83-61 in the #NFL the season and 184-130 over the past 2 years. We have 5 selections today with 3 sides and 2 totals including #...
https://x.com/SBBreakers/status/1738961826837098832,Neither team got to 10 points in last week's #Falcons/#Panthers game. Atlanta is 0-6 ATS since Dec. 2021 when they scored less than 15 po...
https://x.com/SBBreakers/status/1738966366076428656,"With Trevor Lawrence playing, the #Jaguars have moved to small road favorites vs the #Bucs today. Tampa Bay is 0-7 ATS since 2022 at home..."
https://x.com/SBBreakers/status/1738973029818855854,"The #Lions thrashed the #Broncos last Saturday in a 25-point win, 42-17. Detroit is 10-0 ATS since 2020 coming off a win by more than one..."
https://x.com/SBBreakers/status/1739315816624255164,The line has tick up slightly for tonight #MNF matchup and the #Ravens are now 6-point dogs. Lamar Jackson has NEVER lost against the spr...
https://x.com/SBBreakers/status/1739326637739507859,The #Raiders scored 63 points last week but their scoring then completely falls off next game. The Raiders are 6-0 to the UNDER since Nov...
https://x.com/SBBreakers/status/1739680488074195287,The #Bills are huge favorites again this week after a MUCH close than expected 24-22 win vs the #Chargers Saturday. Buffalo is a strong 1...
https://x.com/SBBreakers/status/1739734909193728212,The last time the #Patriots were more than an 11-point dog was in 2001! New England is currently a 12-point dog vs the #Bills Sunday. The...
https://x.com/SBBreakers/status/1740033972346802687,The #Bengals are getting significant points Sunday in a must win game in Kansas City. Cincinnati is 13-0 ATS since 2021 as a dog of more...
https://x.com/SBBreakers/status/1740051455824769076,"Baker Mayfield and the #Buccaneers are 3-point favorites in a critical game with the #Saints on Sunday. However, Baker Mayfield has faile..."
https://x.com/SBBreakers/status/1740395178706538849,The #Browns are coming off a 14-point win over the #Texans but have struggled coming off big wins. The Browns are 0-8 ATS since November...
https://x.com/SBBreakers/status/1740412794523263000,The #Browns are 7.5-point favorites with an extremely low total of 35. Thursday games with a TD+ favorite when the total is under 41 are...
https://x.com/SBBreakers/status/1740441232252289350,"Facing hot teams, the #Jets know their chance is to make it a low scoring game. The Jets are 7-0 to the UNDER since January 2022 past wee..."
https://x.com/SBBreakers/status/1740463833301319755,The #Browns are in the range where a teaser could make sense tonight and Cleveland has been a strong teaser option as a heavy favorite. C...
https://x.com/SBBreakers/status/1740758079124213826,Even with Jarrett Stidham under center Sunday the #Broncos are 3.5-point favorites vs the #Chargers. The problem is the Broncos are 0-11-...
https://x.com/SBBreakers/status/1740773459100062014,The #Packers are small dogs in a must win spot on #SNF coming off a 33-30 win over the #Panthers. Green Bay is 12-0 ATS since 2021 when t...
https://x.com/SBBreakers/status/1741130645621862744,It is another week where this trend is active in a high total game for the #Cowboys vs the #Lions tonight. Dallas is 11-0 to the UNDER si...
https://x.com/SBBreakers/status/1741230272987730082,We are 85-65 this NFL season and 186-134 the past 2 seasons in the #NFL. In #Lions/#Cowboys tonight we have a nice 4-STAR Side backed by...
https://x.com/SBBreakers/status/1741299161226432990,Sunday's #NFL selections are now available. We have 7 selections with 4 sides and 3 totals and each is backed by quality #SDQL trends and...
https://x.com/SBBreakers/status/1741465813842907472,"It was a loss on the #Cowboys with last night's selection. Now 85-66 this season and 186-135 the past 2 years, we have 7 #NFL selections..."
https://x.com/SBBreakers/status/1741469673521115432,The line has only been climbing in #Patriots/#Bills today with Buffalo coming off a 2-point win over the #Chargers. Buffalo is now 12-0-1...
https://x.com/SBBreakers/status/1741474278711705687,Could it be a shootout in Baltimore today as the #Dolphins face the red-hot #Ravens who have won 5 straight? The Dolphins are 6-0 to the...
https://x.com/SBBreakers/status/1741478303741948241,Can the Broncos finally cover a game as a favorite today facing Easton Stick and the #Chargers as 3.5-point favorites. The Broncos are 0-...
https://x.com/SBBreakers/status/1741486469984788940,The last time the #Patriots were more than an 11-point dog was in 2001! They are now 14-point underdogs today! New England is 7-0 to the...
https://x.com/SBBreakers/status/1741491841780900327,The #Raiders defense stepped up in major fashion in their 20-14 win over the #Chiefs Monday. The Raiders are 9-0 ATS since 2020 when they...
https://x.com/SBBreakers/status/1741497485325926733,Another trend to support the #Bills as 3 turnovers by Buffalo last week were a huge reason for the close game. The Bills are 9-0 ATS sinc...
https://x.com/SBBreakers/status/1741500713233178798,The #Bengals have been a great value as a dog and are getting nearly a TD vs the #Chiefs today. Cincinnati is 13-0 ATS since 2021 as a do...
https://x.com/SBBreakers/status/1741505962391855108,The #Broncos last two games have also gone WAY OVER the total. That has also been a bad sign for this team. Denver is 0-11-1 ATS since No...
https://x.com/SBBreakers/status/1741512069558497437,"In addition, the #Bengals is looking to rebound from scoring just 11 points vs the #Steelers last week. The Bengals are 11-0 ATS since De..."
https://x.com/SBBreakers/status/1741524047337271316,"Dear @NFL, Having 10 games at 1:00 (and only 3 in the late afternoon) is too many. pic.twitter.com/LsM0Ysc8fV"
https://x.com/SBBreakers/status/1745469951899476070,#Rams/#Lions is the highest total game of #WildCardWeekend at 51.5. The #Lions have been quite good in high total games. Detroit is 10-0...
https://x.com/SBBreakers/status/1745483171683049942,A trend that we have posted frequently the 2nd half of this season as the #Eagles have continued to falter. The Eagles are now 0-14 ATS s...
https://x.com/SBBreakers/status/1745828274159210655,#NFLPlayoffs teams that are struggling to score have been a major value! Playoff teams that have scored no more than 22 points in their l...
https://x.com/SBBreakers/status/1745894938405916853,It is a high total in #Packers/#Cowboys with Green Bay coming off a low-scoring 17-9 win in a must have game last week. The Packers are 1...
https://x.com/SBBreakers/status/1746552500696559952,#Lions/#Rams has a huge total but Rams night games have consistently been lower scoring than expected. The Rams are 10-1 to the UNDER sin...
https://x.com/SBBreakers/status/1746567097084518844,The #Packers are getting 7 points facing the #Cowboys and have been good getting considerable points. Green Bay is 7-1 ATS since 2021 as...
https://x.com/SBBreakers/status/1746577414803571106,The #Lions played to win last week and did so 30-20 over the #Vikings. The Lions are 13-0 ATS since Dec 2018 coming off a win by more tha...
https://x.com/SBBreakers/status/1746613597747249389,Today's #Packers/#Cowboys total would certainly suggest a much higher scoring game than last week's 17-9 Green Bay win. And can scoring e...
https://x.com/SBBreakers/status/1746636311962816756,The total in #Rams/#Lions continues to rise and that might be a great sign for Detroit. The Lions are 10-0 ATS since January 2021 in game...
https://x.com/SBBreakers/status/1746943286449742293,There's obviously lots to consider with the #Steelers/#Bills total but Buffalo comes in having dominated the #Dolphins in the air last we...
https://x.com/SBBreakers/status/1746966412805947396,The #Eagles failed to cover by 22 points in last week's loss to the #NYGiants. Philadelphia is 0-14 ATS since 2018 when they failed to co...
https://x.com/SBBreakers/status/1746979487055519950,Today is easily the largest line the #Steelers have played to this season. But this team has responded as a dog all year. Pittsburgh is 5...
https://x.com/SBBreakers/status/1746995292166033780,No I am definitely not. I'm implying that it is a stat of interest. Maybe it's worth looking at the Steelers moneyline further.
https://x.com/SBBreakers/status/1747317462784221693,The #Ravens might seem like a team built to cover big lines. But they haven't been. The Ravens are 1-9 ATS since 2021 as a 7+ point favor...
https://x.com/SBBreakers/status/1747638116976828843,No team went off offensively like the #Packers putting up 48 points vs the #Cowboys Sunday. But expectations are still very low Saturday...
https://x.com/SBBreakers/status/1747654058649800947,"For the second straight week, the #Buccaneers defense dominated in a must win spot, this time allowing just 9 points to the #Eagles. Tamp..."
https://x.com/SBBreakers/status/1748003344239448374,The #Chiefs are underdogs traveling to Buffalo to face the #Bills Sunday. KC has thrived as road dogs. The Chiefs are 9-0-1 ATS since Dec...
https://x.com/SBBreakers/status/1748019236738310245,#Browns/#Texans went over the total by 15 points in last week's upset win But a big over for Houston likely means an under the next week....
https://x.com/SBBreakers/status/1748035021431308631,The #Packers had a monster cover last week yet are even bigger +9.5 dogs vs the #49ers Saturday! Green Bay is now 8-1 ATS (6-3 overall) s...
https://x.com/SBBreakers/status/1748060509948051936,The #Packers are heavy dogs Saturday coming off a huge 23-point cover vs the #Cowboys on Sunday. The Packers are 8-0 to the OVER when the...
https://x.com/SBBreakers/status/1748363232182468956,"In the #NFLPlayoffs a team, the idea of a team ""getting hot"" after a big upset is a false narrative. Since 2013, teams coming off a 5+ po..."
https://x.com/SBBreakers/status/1748376216720028145,"The #Buccaneers dominated the #Eagles last week winning by 23 points. Since the start of 2022, Tampa Bay is 8-0 to the UNDER coming off a..."
https://x.com/SBBreakers/status/1748387799923904815,Lamar Jackson's #NFLPlayoffs career has been uninspiring thus far. What really stands out is the low scoring nature of games. All 4 Lamar...
https://x.com/SBBreakers/status/1748421203218280509,Patrick Mahomes stats in these games as a dog away from home have been absolutely electric! Mahomes averages 311 passing yards and 3.4 pa...
https://x.com/SBBreakers/status/1748427184916586981,This spot has been really good for #NFLPlayoffs teams looking to avenge a 10+ point loss to this opponent earlier in the season. Teams ar...
https://x.com/SBBreakers/status/1748449198561694089,The #Packers enter Saturday off a win as a 7-point dog vs the #Cowboys last week. Green Bay is 9-0 to the OVER since December 2021 coming...
https://x.com/SBBreakers/status/1748736693081879010,The #Ravens and Lamar Jackson have really struggled to cover big lines. Baltimore is 1-9 ATS since 2021 as a 7+ point favorite. This afte...
https://x.com/SBBreakers/status/1748746905792680092,The #Texans 31-point win over the #Browns last week as an UNDERDOG was one of the largest covers in #NFLPlayoffs history. More good news...
https://x.com/SBBreakers/status/1748751801199759523,"No offense to either team but I think everyone would be a little sick if we ended up with a Texans/Bucs Super Bowl. Also, that matchup is..."
https://x.com/SBBreakers/status/1748757657404481561,This supports the Texans against the spread
https://x.com/SBBreakers/status/1748762184232878256,"In addition to being a great team when getting big points, the Packers have done well in high-total games. Green Bay is 8-0 ATS since Sep..."
https://x.com/SBBreakers/status/1748776921343672820,"Expanding a bit to look at teams coming upset #NFLPlayoffs wins by huge margins. Going back just over 20 years, teams are 9-2 ATS (7-4 ov..."
https://x.com/SBBreakers/status/1748795912682344862,"The #Texans are coming off a big win and cover vs the #Browns last week. Coming off a big cover, the Texans have been going UNDER. Housto..."
https://x.com/SBBreakers/status/1748804314531811697,Looking specifically at Lamar Jackson's performances in playoff games: 1 monster (volume-driven) passing game. 3 of the 4 games with unde...
https://x.com/SBBreakers/status/1748808389612744783,"Because it is not as cold as some other games, we've not seen many people talk about the cold in #Texans/#Ravens today with the game time..."
https://x.com/SBBreakers/status/1748814781178380371,There could be a correction coming after a big OVER in the #Texans Wild Card round win. Houston is 13-0 to the UNDER since November 2017...
https://x.com/SBBreakers/status/1748830454701031789,A #Packers win tonight over the #49ers would take a historic accomplishment from Green Bay that hasn't happened in more than a decade. Si...
https://x.com/SBBreakers/status/1748833294425452784,While the #Packers won last week they did allow 32 points to the #Cowboys. That could be a sign another high-scoring game is ahead. The P...
https://x.com/SBBreakers/status/1748847139998847377,"Despite scoring 48 points vs the #Cowboys Sunday, the #Packers are still heavy underdogs vs the #49ets tonight. Green Bay is an impressiv..."
https://x.com/SBBreakers/status/1748859723938410567,Pulling off an upset win has led to the #Packers being aggressive next game. Green Bay is 9-0 to the OVER since December 2021 coming off...
https://x.com/SBBreakers/status/1748923812857446637,Hard to remember a game where one team outplayed the other as significantly as the #49ers were and lost. HOWEVER... #Packers +10 ✅
https://x.com/SBBreakers/status/1749091011542778035,The #Chiefs are underdogs for the 2nd time this season (1st they are not resting) in Buffalo today. KC has been awesome when they are get...
https://x.com/SBBreakers/status/1749102554024202374,KC has only been dogs once in their recent playoff runs. But they've stepped up with close #NFLPlayoffs lines. The #Chiefs are 4-0 ATS si...
https://x.com/SBBreakers/status/1749112368255455369,"The #Bucs 23-point win over the #Eagles was their largest win since the 2021 season. But since the start of 2022, Tampa Bay is 8-0 to the..."
https://x.com/SBBreakers/status/1749126712762212369,"This season, when the #Buccaneers have been heavy underdogs, they have played conservative. All 4 Tampa Bay games this season when the #B..."
https://x.com/SBBreakers/status/1749143491303616682,The #Bucs defense is one that can get into grooves and that was the case last week holding the #Eagles to just 9 points. Tampa Bay is 7-0...
https://x.com/SBBreakers/status/1749149275055878615,The #Chiefs defense carried their 26-7 win over the #Dolphins last week. Kansas City is a perfect 10-0 overall since December 2019 when t...
https://x.com/SBBreakers/status/1749154584407289974,The #Lions have been great coming off loss (8-0 overall and 8-0 ATS). They have been greats after big wins (13-2 ATS) Where Detroit has s...
https://x.com/SBBreakers/status/1749180064380698945,"No one has risen to the occasion like Patrick Mahomes playing as a dog. In 10 career games as an underdog, Mahomes has AVERAGED: 313 pass..."
https://x.com/SBBreakers/status/1749189627334791294,The #Bills have plenty of experience in cold weather. It rarely has impacted scoring. Buffalo is 9-0 to the OVER since 2016 when the tota...
https://x.com/SBBreakers/status/1749453520095314142,Yesterday was yet another awesome effort from the #Chiefs as a road dogs. The Chiefs are now 10-0-1 ATS since December 2017 as dogs away...
https://x.com/SBBreakers/status/1749825681314234533,"In the #NFLPlayoffs in particular, games with tight lines have not been a problem for the #Chiefs. Kansas City is 5-0 overall and ATS sin..."
https://x.com/SBBreakers/status/1750542085713805605,The #Ravens are favorites in the #AFCChampionship game vs the #Chiefs after their 24-point win over the #Texans. Baltimore has not been g...
https://x.com/SBBreakers/status/1750637927686639954,A few days ago it seemed like the #Falcons might be able to decided between Belichick and Harbaugh. Talk about a life comes at you fast s...
https://x.com/SBBreakers/status/1750910986062565780,"While the #Ravens won big last week, the #Chiefs had to grind out a 3-point win vs the #Bills. The Chiefs have been good coming off a tig..."
https://x.com/SBBreakers/status/1750940769026797940,"Last round, the #Lions defeated the #Bucs 31-23 in a close game throughout that was tied after each of the first 3 quarters. Detroit is 8..."
https://x.com/SBBreakers/status/1751628195802046873,"In case you've missed it the past 2 weeks, the #Chiefs have indeed been VERY good as dogs. The Chiefs are 10-0-1 ATS since December 2017..."
https://x.com/SBBreakers/status/1751637003941364002,"It was not just a big win, but a big cover by 14.5 points for the #Ravens vs the #Texans. Baltimore is 0-7 ATS since 2021 when they cover..."
https://x.com/SBBreakers/status/1751643043600740522,Today's line has only been going up despite the #Chiefs success in these spots in the #NFLPlayoffs. Kansas City is 5-0 overall & ATS sinc...
https://x.com/SBBreakers/status/1751650593372828048,We know about the #Chiefs success as a dog. But what about the game after those wins as a dog? Kansas City is 6-0 ATS when they are not a...
https://x.com/SBBreakers/status/1751665441184047521,The #Chiefs 3-point win vs the #Bills last week is one they can build on! Kansas City is 6-0 ATS (& 6-0 overall) since November 2022 comi...
https://x.com/SBBreakers/status/1751674752593207725,The #Ravens meanwhile have been surprisingly not great coming off big wins. The Ravens are 0-9 ATS since 2021 as a favorite when the tota...
https://x.com/SBBreakers/status/1751691110252966097,Patrick Mahomes did enough vs the #Bills in an upset last week but it was far from his biggest game as a dog. Even with that game last we...
https://x.com/SBBreakers/status/1751716527932321873,Playing from behind and winning has led to aggressive play from the #Lions. Detroit is 8-0 to the OVER off a win where they didn't lead a...
https://x.com/SBBreakers/status/1752360627123728454,Let's start with one of the most popular trends as the #Chiefs keep thriving as underdogs. The Chiefs are now 11-0-1 ATS since December 2...
https://x.com/SBBreakers/status/1752725753441976483,"To get to the #SuperBowlLVIII , the #Chiefs had to play all 3 rounds and not only won but covered all 3 games. Teams that covered in 3 st..."
https://x.com/SBBreakers/status/1752776263951860074,"On the opposite end of the spectrum, the #49ers are just the 2nd team since at least 2001 to make the #SuperBowl without covering in a pl..."
https://x.com/SBBreakers/status/1753092941692698646,"Going back to the start of the 2000s, the defending #SuperBowl champion has only made it back to the Super Bowl 4 times. The defending Su..."
https://x.com/SBBreakers/status/1753446833227989068,"While the #Chiefs won the #AFCChampionship, it was a low scoring effort by their standards with just 17 points. The Chiefs are 8-0 overal..."
https://x.com/SBBreakers/status/1754158063353831587,We're one week from the #SuperBowl with both teams gearing up during the bye week. The Chiefs are 11-0-2 to the UNDER since 2010 coming o...
https://x.com/SBBreakers/status/1754541816437669967,"The #49ers had a regular season scoring margin of +193. The #Chiefs had a regular season scoring margin of +77 HOWEVER, In the #SuperBowl..."
https://x.com/SBBreakers/status/1754583529336299924,"It was not the #49ers defense that got them to the #SuperBowl, allowing 31 points in the #NFCChampionship game. However, teams are 5-0 ov..."
https://x.com/SBBreakers/status/1754898174739677231,"The #Chiefs won a very low scoring #AFCChampionship game, 17-10. Teams coming off a playoff win where no more than 27 points were scored..."
https://x.com/SBBreakers/status/1754950521444614271,"In the #NFLPlayoffs, the #Chiefs have excelled in games with tight lines. Kansas City is 6-0 overall and ATS since 2019 in the playoffs w..."
https://x.com/SBBreakers/status/1755267561460023365,It was not a great effort for the #49ers defense in the #NFCChampionship allowing 31 points in the win. HOWEVER The 49ers are 7-0 ATS (&...
https://x.com/SBBreakers/status/1755329585393041752,The #Chiefs haven't just been really good as a dog. they are really good AFTER a win as a dog. The Chiefs are 7-0 ATS since 2014 when the...
https://x.com/SBBreakers/status/1755624033947635789,"On Championship Weekend, the #Chiefs won as an underdog vs the #Ravens while the #49ers were heavy favorites vs the #Lions. Teams are 12-..."
https://x.com/SBBreakers/status/1755637769685119288,It is not just that it was a low scoring effort from the #Chiefs in the #AFCChampionship game. It was a lower scoring WIN and that matter...
https://x.com/SBBreakers/status/1755979516076315006,We are ready with EVERYTHING you need for #SuperBowl betting. After going 8-4 this #NFLPlayoffs and 102-78 on the season we have a loaded...
https://x.com/SBBreakers/status/1755993586447815156,Failing to cover in a #NFLPlayoffs win has not been a good sign for teams moving forward in the Postseason. Teams coming off a playoff wi...
https://x.com/SBBreakers/status/1756027902330655160,The effort it has taken teams to make a big #NFLPlayoffs comeback has been difficult to follow up next game. Teams are 4-18 overall (thou...
https://x.com/SBBreakers/status/1756049487024308358,The final play from yesterday's 4-0 day was #OregonState staying competitive in a loss to #WashingtonState. Get a month of ALL selections...
https://x.com/SBBreakers/status/1756354085807173685,"For what it's worth, the #49ers have been good the game following a big comeback win. San Francisco is 7-1 ATS and overall since 2016 off..."
https://x.com/SBBreakers/status/1756696341181505900,The last team to defend as #SuperBowl champion was the 2004 #Patriots. The last 3 times the defending champ got to the Super Bowl they lo...
https://x.com/SBBreakers/status/1756702884396245097,"In the #AFCChampionship, the #Chiefs moved to 11-0-1 ATS since December 2017 as dogs away from home. KC has won the last 7 of those games..."
https://x.com/SBBreakers/status/1756713705742757900,Teams that have covered in 3 playoff games to reach the #SuperBowl are a perfect 9-0 ATS in the big game! The #Chiefs are 3-0 ATS this po...
https://x.com/SBBreakers/status/1756726540078076364,"Adding the line to this trend, teams are 0-13 when they are not 4+ point favorites off a playoff win where they trailed by more than 10 p..."
https://x.com/SBBreakers/status/1756733034605273411,The #Chiefs have been great after lesser offensive weeks. Kansas City is 8-0 overall and 7-0-1 ATS since November 2021 when they scored l...
https://x.com/SBBreakers/status/1756744164794909139,Teams are 8-1 to the UNDER in the #SuperBowl off a win by 3 points or less. But the one over was the #Chiefs last season. The #49ers won...
https://x.com/SBBreakers/status/1756749691834785883,"An interesting #SuperBowl QB stat considering where passing yards props are set. In each of the last 16 Super Bowls, at least one QB has..."
https://x.com/SBBreakers/status/1756750768906928629,We are: 8-4 this #NFLPlayoffs 102-78 this #NFL season 203-147 the past 2 seasons! Tonight we have a 4.5-STAR #SuperBowl side as well as 1...
https://x.com/SBBreakers/status/1756756236031472069,"The #49ers have bounced back from poor defensive games, going 7-0 ATS (& overall) since Oct. 2021 when they allowed 30+ points last game...."
https://x.com/SBBreakers/status/1756761268856488396,"The #49ers had a regular season scoring margin of 116 points better than the #Chiefs. In the #SuperBowl , teams with a regular season mar..."
https://x.com/SBBreakers/status/1756773600269373688,"Looking specifically at the #SuperBowl,teams in the that failed to cover by at least a point in the championship game are 0-5 overall & A..."
https://x.com/SBBreakers/status/1756787441317409218,Having pulled of a conference championship upset win has been a huge edge in the #SuperBowl. Teams are 12-0 ATS in the #SuperBowl when th...
https://x.com/SBBreakers/status/1756794991152672826,"Looking just at the #NFLPlayoffs as well, the #Chiefs have been quite good in games with close lines. Kansas City is 6-0 since 2019 in th..."
https://x.com/SBBreakers/status/1756800779569054002,Conversely #49ers are just the 2nd team to make the #SuperBowl without covering in a playoff game. The 2007 #Patriots did the same then s...
https://x.com/SBBreakers/status/1757052670911676606,Teams that trail by 7+ points in a #NFLPlayoffs game win 27.7% of the time. Patrick Mahomes and the #Chiefs are 9-2 in playoff games they...
https://x.com/SBBreakers/status/1757850223626334655,You can make a pretty good argument to eliminate playoff games from this equation. But only 2 of these 13 games are playoff games and it...
https://x.com/SBBreakers/status/1761412533330550910,Today's huge #Houston/#Baylor showdown has easily the lowest total Baylor has played to this season at 134.5. Baylor is 0-6 ATS since Mar...
https://x.com/SBBreakers/status/1761454762501779582,The total in #Washington/#Arizona is the highest total in a Washington game since 2017 even though both these teams have a consistent tra...
https://x.com/SBBreakers/status/1763299098307022868,#Washington is a small favorite hosting #UCLA tonight after losing to #Arizona by 16 points on Saturday. Washington is 14-0 ATS since Feb...
https://x.com/SBBreakers/status/1767262782284525945,Flash forward to June when I'm doing #NFL research and have to refresh myself on what team every single any running back plays for. pic.t...
https://x.com/SBBreakers/status/1769419687698346254,The #Wizards are playing the 2nd end of a back-to-back after losing by 29 points to the #Bulls yesterday. Washington is 0-8 ATS since 202...
https://x.com/SBBreakers/status/1770996400303624513,"#WashingtonState's defense did its part in its #Pac12 Tourney loss to #Colorado, falling 58-52. Washington State is 11-0 to the OVER sinc..."
https://x.com/SBBreakers/status/1771194323142353360,3rd seeded #Baylor is a 14.5-point favorite vs #Colgate today. The #Bears have been strong this season as a heavy favorite. Baylor is 8-0...
https://x.com/SBBreakers/status/1787133357320527959,"While #Magic/#Cavs is tied at 3-3, Orlando has a massive +43 margin for the series. Teams in game 7 of a playoff series that have a +29 o..."
https://x.com/SBBreakers/status/1790382645798429008,"It's May 14, so we know what you are thinking... time for #NFL trends! But with the NFL schedule release, one of our FAVORITE trends will..."
https://x.com/SBBreakers/status/1792262360419213469,"In #Game7, having past playoff experience under the belt is ENORMOUS Teams in game 7s that played past the first round of the playoffs la..."
https://x.com/SBBreakers/status/1798801225644724535,"The #Mavericks finished off their Western Conference Finals win over the #Timberwolves in game 5 as a 5-point underdog. Since 21-22, Team..."
https://x.com/SBBreakers/status/1799822007200035180,"The #Mavericks are dogs tonight with a total of just 214.5. The #Mavs are 8-0 ATS since May 8, 2022 as a dog when the total is under 215..."
https://x.com/SBBreakers/status/1799915467592638970,It was an average game 1 for Luka with 30 points and a poor game for Kyrie with just 12 points. The Mavericks are 7-0 overall & 7-0 ATS t...
https://x.com/SBBreakers/status/1803136697263157308,The #Nationals are -120 favorites this evening hosting the #Diamondbacks. Washington has not been favored frequently. The Nationals are 1...
https://x.com/SBBreakers/status/1831357918626935224,"Looking ahead to Sunday, the #Giants are currently small home dogs hosting Sam Darnold and the #Vikings. Giants games are 15-0-1 to the U..."
https://x.com/SBBreakers/status/1831738676671328314,Sunday's #Steelers/#Falcons game has a total of just 42. This has actually been a great situation for the new Falcons QB. Kirk Cousins ha...
https://x.com/SBBreakers/status/1832065711134429615,Tonight's #Packers/#Eagles game has a high total of 49.5. That has suited Green Bay well. The Packers are 9-0 ATS since September 2021 wh...
https://x.com/SBBreakers/status/1832085251083931891,"Philadelphia absolutely sputtered down the stretch last season, failing to cover each of their last 7 games while going 1-6. Teams in gam..."
https://x.com/SBBreakers/status/1832124284933697689,"In the 2nd half of 2023, the #Packers came through as dogs time and time again The Packers are 6-0 ATS since November as a dog, winning 5..."
https://x.com/SBBreakers/status/1832147170864320890,"Under Matt Lafleur, the #Packers have played some of their best football vs teams with high season expectations. The Packers are 10-0 ATS..."
https://x.com/SBBreakers/status/1832788676683690026,The #Giants are still small home dogs vs the #Vikings today. and have played a very specific style as a home dog. Giants games are 15-0-1...
https://x.com/SBBreakers/status/1832811126817435990,"Tampa Bay is a 3.5-point favorite this afternoon taking on the #Commanders. However, their QB has not handled expectations well. Baker Ma..."
https://x.com/SBBreakers/status/1832815661564719406,"And matching this trend perfectly, while the #Giants have been a conservative home dog, the #Vikings have been a conservative road favori..."
https://x.com/SBBreakers/status/1833522189737283642,The #Cowboys were impressive week 1 with a 33-17 win over the #Browns as a 2.5-point dog. HOWEVER The Cowboys are 0-11 ATS since November...
https://x.com/SBBreakers/status/1833578751512199672,The #Steelers are 3-point road favorites currently in Denver Sunday. That likely will mean conservative play from Mike Tomlin and Pittsbu...
https://x.com/SBBreakers/status/1833916069976965395,"The #Bengals didn't show up as a big favorite in week one. But as an underdog, Cincinnati is a team that has come to play. The Bengals ar..."
https://x.com/SBBreakers/status/1834242520408060148,"When the #Bills have been UNDERDOGS, you can expect a shootout. The Bills are 7-0 to the OVER since November 2020 as a dog of more than 2..."
https://x.com/SBBreakers/status/1834270052448702903,"Despite the #Bills trailing all first half vs the #Cardinals, it Josh Allen only threw 23 passes while Buffalo had 33 rushes. The Bills a..."
https://x.com/SBBreakers/status/1834302482312261787,The #Buccaneers are coming off a 37-20 season opening win over the #Commanders. But facing the #Lions is a different task. The Lions are...
https://x.com/SBBreakers/status/1834366328695648696,A stat to go along with this is Josh Allen has had absolutely MONSTER games in this situation. The last 7 times the #Bills have played as...
https://x.com/SBBreakers/status/1834601914794713480,"The #Ravens are a strong favorite hosting the #Raiders Sunday. However, Baltimore has frequently not got the job done as huge favorite fo..."
https://x.com/SBBreakers/status/1835319399143575957,The #Packers are in a unique today as home dogs coming off a scoring 29 points in their week one loss to the #Eagles. The Packers are 14-...
https://x.com/SBBreakers/status/1835326481955762432,The #Bengals are still sizable dogs today looking to avoid 0-2 facing the #Chiefs. The Bengals are 9-0 ATS since 2021 as a dog of more th...
https://x.com/SBBreakers/status/1835331673606545520,The #Commanders are favored vs the #Giants today with both teams coming off ugly week 1 performances. The Commanders are 0-7 ATS since De...
https://x.com/SBBreakers/status/1835337304879022413,The #Ravens are still 8.5-point favorites hosting the #Raiders Sunday. Baltimore tends to just win close as a big favorite. The Ravens ar...
https://x.com/SBBreakers/status/1835352962060722670,It was a huge win and a huge cover for the #Saints in week 1 as they covered by 33 points vs the #Panthers. The Saints are 8-0 to the UND...
https://x.com/SBBreakers/status/1835356898826068154,The #Cowboys covered by 18.5 points in week 1 vs the #Browns but have trouble backing up that kind of strong performance. The Cowboys are...
https://x.com/SBBreakers/status/1835684804219511220,It has been a while since the #Falcons have been featured in primetime. But all of Atlanta's recent primetime games have a common theme....
https://x.com/SBBreakers/status/1835742777554165869,The #Falcons scored just 10 points in their season-opener vs the #Steelers. Falcons games are 6-0 to the UNDER since November 2021 when t...
https://x.com/SBBreakers/status/1835766290746572962,"Last week aside, the #Eagles recent primetime games have also been going UNDER! The Eagles are 6-0 to the UNDER since September 24, 2023..."
https://x.com/SBBreakers/status/1835880043488165912,Some wild swings of emotion having both the #Falcons and the Under tonight pic.twitter.com/4UWDeDAps6
https://x.com/SBBreakers/status/1836034616034996374,It was a beautiful 4-0 night Monday including our top play on a major dog!#Falcons ✅#Falcons/#Eagles Under ✅ 4.5-STAR #Rockies +150 ✅#Dod...
https://x.com/SBBreakers/status/1836048251834741198,It was another primetime UNDER for the #Falcons last night. The Falcons last 13 night games since December 2017 have all gone UNDER the t...
https://x.com/SBBreakers/status/1836096000169005100,The #Packers threw for just 122 yards last week in a win over the #Colts. The Packers are 18-0-2 to the UNDER since December 2018 when no...
https://x.com/SBBreakers/status/1836400832234807738,"While the #Raiders pulled off a major upset of the #Ravens last game, they only ran for 27 yards in that win. The Raiders are 0-13-1 ATS..."
https://x.com/SBBreakers/status/1836417836756992455,The #Lions were upset by the #Buccanners on Sunday. But no team has been better the past 2 years at bouncing right back from losses. The...
https://x.com/SBBreakers/status/1836760828609003724,One of our favorite (generally) #TNF stats is active tonight! Teams with less than 5 days rest coming off an overtime game when their opp...
https://x.com/SBBreakers/status/1836772084560588811,"The #Chiefs won by the narrowest of margins vs the #Bengals last week, 26-25. Coming off a close win, Kansas City has won more decisively..."
https://x.com/SBBreakers/status/1836784255390589332,The running game has easily been the #Patriots strength this season including rushing for 185 yards in Sunday's loss to the #Seahawks. HO...
https://x.com/SBBreakers/status/1837132812593295472,There are questions about the #Cowboys run game and those cropped up last week with just 68 yards on the ground in their big loss to the...
https://x.com/SBBreakers/status/1837181543082574170,What is particularly interesting about this stat is that the #Cowboys have rushed for 145 yards per game in the follow up contests. With...
https://x.com/SBBreakers/status/1837184326519378004,"Now on the other side it would seem problematic for the #Cowboys that the #Ravens run defense was extremely stout last game, allowing jus..."
https://x.com/SBBreakers/status/1837849535688708390,The #Ravens have been good after suffering an upset loss. The #Cowboys have been even better! The Cowboys are 7-0 overall & ATS since 202...
https://x.com/SBBreakers/status/1837861234915393732,Reminder that NO team in the #NFL has been better the past 2 seasons coming off a loss than the #Lions! The Lions are 8-0 overall AND 8-0...
https://x.com/SBBreakers/status/1837869066502967667,"The #49ers struggled to protect Brock Purdy last week, allowing 6 sacks to the #Vikings. But this is a coaching staff that is quick to ad..."
https://x.com/SBBreakers/status/1837874903787114685,Last week's #Falcons win on #MNF went UNDER despite a late flurry of scoring. The Falcons last 13 night games since December 2017 have al...
https://x.com/SBBreakers/status/1837883312297185599,"The #Cowboys ran for just 68 yards vs the #Saints last week. Since 2021, when Dallas ran for less than 75 yards last game, they have AVER..."
https://x.com/SBBreakers/status/1838215003913990498,The #Bengals have been good about keeping small losing streaks just that. The Bengals are 7-0-1 ATS since 2020 on a 2+ game losing streak...
https://x.com/SBBreakers/status/1838223042021150952,You would think playing in Buffalo at night would be a tough task. HOWEVER The Bills are actually 0-6 ATS since October 2022 in home nigh...
https://x.com/SBBreakers/status/1838259376727163186,"When the #Jaguars have been on a losing streak, they have gotten CONSERVATIVE. The Jaguars are 7-0 to the UNDER since October 23, 2022 wh..."
https://x.com/SBBreakers/status/1838291785342177397,"The #Bills have the a unique extra long ""mini bye"" of playing on a Monday night coming off a Thursday night game. Teams playing on Monday..."
https://x.com/SBBreakers/status/1838306837973606770,On the flip side the #Bills have opened the season 2-0. The #Jaguars handle opponents that are hot the same way. The Jaguars are 6-0 to t...
https://x.com/SBBreakers/status/1838596003173171393,The #Royals desperately need a win tonight having lost 7 straight games. Despite that KC is a road favorite at Washington and that could...
https://x.com/SBBreakers/status/1838625798674162122,"The #Panthers scored 36 points on Sunday, a complete outlier for this team beyond just this season. HOWEVER The Panthers are 0-12 ATS sin..."
https://x.com/SBBreakers/status/1838952667604795396,One of our very favorite team trends is active for the first time this year Sunday!#Rams games are 25-0-3 to the UNDER since October 2018...
https://x.com/SBBreakers/status/1838972760527098008,It was a low scoring 22-17 win for the #Chiefs vs the #Falcons Sunday and they are now heavy road favorites vs the #Chargers this week. T...
https://x.com/SBBreakers/status/1839011276694929774,"It wasn't easy, but the #Royals snapped their long losing streak last night as a road favorite in Washington. KC is in the same road spot..."
https://x.com/SBBreakers/status/1839305270280733170,"Just as they were home dogs week 1 when they scored 6 points vs the #Vikings, the #Giants are +5.5 home dogs hosting the #Cowboys tonight..."
https://x.com/SBBreakers/status/1839317473780285703,"Daniel Jones has truly been AWFUL in primetime games. In Daniel Jones career, the Giants are 1-13 when Jones start in night games! The la..."
https://x.com/SBBreakers/status/1839331715069743497,Playing as a road favorite in Washington this week has been just what the #Royals needed to right the ship. The Royals are 12-0 since Jul...
https://x.com/SBBreakers/status/1839343644488175731,The #Broncos pulled off a big upset of the #Buccaneers last week and will be looking to do the same vs the #Jets Sunday. HOWEVER The Bron...
https://x.com/SBBreakers/status/1839372725413871889,The #Cowboys were forced to throw the ball 51 times in last week's comeback effort vs the #Giants. The Cowboys are 6-0 to the UNDER since...
https://x.com/SBBreakers/status/1839388401063072097,You might be wondering how much of the #Giants night struggles can be assigned to Danny Dimes? The number are rough. Daniel Jones average...
https://x.com/SBBreakers/status/1839672539368268241,"The #Raiders not only were destroyed by the #Panthers Sunday with their trend active, they also ran for just 55 yards. The Raiders are no..."
https://x.com/SBBreakers/status/1839707966133400014,Jose Berrios will be making his final start of the season as a large -200 favorite. Berrios has had incredible success in these spots. Be...
https://x.com/SBBreakers/status/1839740054962307405,The #Patriots are huge 10.5-point dogs Sunday facing the #49ers. The Patriots are 8-0 to the OVER since December 2020 as a 7+ point dog....
https://x.com/SBBreakers/status/1839768418712457291,We have our Sunday #NFL selections now posted. There are 7 including a huge 5-STAR Side of the Month! 5 sides 2 totals Each is backed by...
https://x.com/SBBreakers/status/1840082757076365616,Over the past 3 seasons we are 221-164 with #NFL selections! On Sunday we have 7 selections with: 5-STAR Side of the Month 2 4.5-STAR Sid...
https://x.com/SBBreakers/status/1840393162021290265,It is a low total game between the #Broncos and #Jets today at just 39.5. The Broncos are 0-10 ATS (and 0-10 SU) on the road when the tot...
https://x.com/SBBreakers/status/1840398995811623009,Reminder that the #Bears are in the bottom 3rd of the league averaging just 24.0 rushes per game and that is very significant in how the...
https://x.com/SBBreakers/status/1840404928390484107,"The #Bills absolutely shredded the #Jaguars defense on Monday, scoring 47 points. That has to impact how the Jags game plan for today. Th..."
https://x.com/SBBreakers/status/1840415620233408761,Did you know the #Chiefs had scored 23+ points in all 10 of Patrick Mahomes career meetings vs the #Chargers! And another reason to expec...
https://x.com/SBBreakers/status/1840420269745213845,"When the #Broncos pull off an upset win, lighting has not struck twice for Denver the next week. The Broncos are 0-11 ATS since December..."
https://x.com/SBBreakers/status/1840426057779826692,ICYMI: While the #Panthers scored 36 points last week they are unlikely to repeat that. The Panthers are 0-12 ATS since 10-2019 when the...
https://x.com/SBBreakers/status/1840763454103097383,"While the circumstances are tougher for the #Dolphins tonight, Miami has recently been burying poor teams like the 0-3 #Titans. The Dolph..."
https://x.com/SBBreakers/status/1840770556301390289,The #Seahawks are coming off an easy 24-3 win over the #Dolphins where they covered by 17 points. The Seahawks are 8-0 to the UNDER since...
https://x.com/SBBreakers/status/1840799173467390452,The #Lions have incredibly allowed 136 points to the #Seahawks in their last 3 meetings the past 3 seasons! This is just the 4th time in...
https://x.com/SBBreakers/status/1840826995531448466,You would not think super low total games would benefit this #Dolphins squad. But that has been incorrect. The Dolphins are 6-0 overall &...
https://x.com/SBBreakers/status/1858188599923204247,The #49ers dominated in several stats including throwing for 338 yards vs the #Bucs last week. The 49ers are 8-0 ATS since Jan. 2022 as n...
https://x.com/SBBreakers/status/1860020534580556142,The Chiefs are coming off a loss for the first time this season as they face the #Panthers as heavy favorites Sunday. Chiefs games have g...
https://x.com/SBBreakers/status/1860708058814443934,The #Lions scored 52 points last week in a monster win over the #Jaguars. The Lions are 9-0 ATS & 9-0 overall since December 2022 when th...
https://x.com/SBBreakers/status/1860722895128809833,The #Packers hung on for a low-scoring 20-19 win over the #Bears last week. The Packers are 8-0 to the OVER since January 2020 coming off...
https://x.com/SBBreakers/status/1860733677933637866,Did you know that heavy home underdogs coming out of their bye have been extremely successful! Teams coming out of a bye as a 6+ point ho...
https://x.com/SBBreakers/status/1861149358952956068,The #Ravens have won 11 of Lamar Jackson's last 12 primetime starts and Jackson has been particularly impressive controlling the ball In...
https://x.com/SBBreakers/status/1861454794218496414,"After weeks of futility, the #Cowboys covered by 18 points on Sunday in their big upset win over the #Commanders. The Cowboys are 0-10 AT..."
https://x.com/SBBreakers/status/1861478251002306666,"Despite playing every Thanksgiving day, the #Cowboys have not been overly good on the holiday. The Cowboys are 0-9 ATS since 2011 on Than..."
https://x.com/SBBreakers/status/1861806169691459624,The #Lions covered by 11 points last week in an 18-point win over the #Colts where they rushed for 137 yards. The Lions are 16-0 ATS sinc...
https://x.com/SBBreakers/status/1861842649696686396,Their has been some very close calls but the #Bears have now lost 5 straight games. The #Lions have FEASTED on these teams. The Lions are...
https://x.com/SBBreakers/status/1862153367746650183,ICYMI: The #Lions have been showing up against teams that are struggling. The Lions are 10-0 ATS since November 2022 facing a team on a 2...
https://x.com/SBBreakers/status/1862156676272427217,The #Bears and #Lions are on EXTREMELY short rest with the afternoon game today. This makes the #Bears coming off a tight game that went...
https://x.com/SBBreakers/status/1862166549915722061,"The #Lions covered by 11 points on Sunday, defeating the #Colts 24-6 as a 7-point favorite. The Lions are 16-0 ATS since November 2017 co..."
https://x.com/SBBreakers/status/1862173786411241967,4 sacks were a big part of the #Cowboys win over the #Commanders Sunday. That is noteworthy on a couple levels. The Cowboys are 0-6 ATS s...
https://x.com/SBBreakers/status/1862202297314680908,It was a huge 18-point cover for the #Cowboys vs the #Commanders on Sunday. HOWEVER The Cowboys are 0-10 ATS since November 2021 when not...
https://x.com/SBBreakers/status/1862520056065790147,The #Chiefs are coming off yet another close 3-point win over the #Panthers last week. Close KC wins have translated to their next game....
https://x.com/SBBreakers/status/1862532090522227138,#BoiseState escaped last week with a 17-13 win over #Wyoming. But the #Broncos failed to cover by more than 3 TDs as a 25.5-point favorit...
https://x.com/SBBreakers/status/1862546853650137529,#Raiders/#Chiefs has a team total of just 42 total. Low total home games for the Chiefs in this range have indeed been low scoring. The C...
https://x.com/SBBreakers/status/1863236865395949965,"Despite a far better record, the #Steelers are underdogs today at the #Bengals. The Steelers are 6-0 overall since Dec. 23 as a regular s..."
https://x.com/SBBreakers/status/1863243155908476973,The #Eagles have had a ton of success the past few seasons. None of that has come as a big dog. The Eagles are 0-10 ATS since December 20...
https://x.com/SBBreakers/status/1863250957146140897,The #Jaguars have had an extra week to regroup from their 52-6 loss to the #Lions where they were down 22 at half. The Jaguars are 11-0 A...
https://x.com/SBBreakers/status/1863257752362992082,The #49ers defense fell apart last week in a 38-10 loss to the #Packers. The 49ers are 7-0 ATS since October2021 in the regular season wh...
https://x.com/SBBreakers/status/1863267315816484934,The #Patriots are small home dogs today in a game the #Colts really need. The Patriots are 0-10-1 ATS since October 2021 as a home dog of...
https://x.com/SBBreakers/status/1863615220322570390,The #Broncos are favored in tonight's Monday night matchup with the #Browns. The Broncos are 6-0 ATS since December 31 as a favorite. Den...
https://x.com/SBBreakers/status/1863652262549012835,The #Browns enter #MNF with an extra long mini-bye having last played last Thursday night vs the #Steelers. Teams playing on Monday night...
https://x.com/SBBreakers/status/1863676941213241742,The #Broncos are playing with an extra day of rest compared to normal on #MNF tonight. The Broncos are 12-0 to the UNDER since 2018 with...
https://x.com/SBBreakers/status/1864366879713980762,The #Saints seem like they are in a great spot as road favorites vs the #Giants Sunday. HOWEVER Derek Carr is 0-12-1 ATS since November 2...
https://x.com/SBBreakers/status/1864718149285028047,It is super late in the season for 2 divisional foes this good to be meeting as is the case with the #Packers and #Lions are tonight. FWI...
https://x.com/SBBreakers/status/1864735839734874200,"After another upset win vs the #Bengals Sunday, the #Steelers are now 6.5-point favorites hosting the #Browns. The Steelers are 0-9 ATS s..."
https://x.com/SBBreakers/status/1865122813364896136,"For the 2nd straight week, the #Chiefs are hosting a modest total game as #Chargers/Chiefs has a total of just 43. The Chiefs are 13-0 to..."
https://x.com/SBBreakers/status/1865415217976635881,#PennState is a small underdog in tonight's #Big10 Championship game. The Nittany Lions have struggled as dogs. Penn State is 0-7 ATS sin...
https://x.com/SBBreakers/status/1865437588003176840,#Oregon dominated #Washington last game even though it was not their most dominant defensive effort in a 49-21 win. Oregon is 10-0 ATS si...
https://x.com/SBBreakers/status/1865776546457281016,Baker Mayfiekd is under center for the #Buccaneers as nearly a TD favorite vs the #Raiders. That hasn’t always gone so well. Baker Mayfie...
https://x.com/SBBreakers/status/1865782896876773423,The #Saints could be in for a battle today even as a 5-point road favorite at the #Giants. Derek Carr is 0-12-1 ATS since November 2020 a...
https://x.com/SBBreakers/status/1865808461755253021,The #Steelers are still -6 vs the #Browns today despite George Pickens absence. However The Steelers are 0-9 ATS since December 2020 as a...
https://x.com/SBBreakers/status/1865916891862102166,That play call and taking the time out by the #Bills is easily the dumbest coaching decision of the week.
https://x.com/SBBreakers/status/1866171239490109513,The #Cowboys have had the long layoff coming off a win over the #Giants where they needed just 195 passing yards. The Cowboys are 10-0 to...
https://x.com/SBBreakers/status/1866192941129335285,"The #Cowboys got after the QB last game, sacking the #Giants 6 times in a win. The Cowboys are 8-0 to the OVER since November 2023 when t..."
https://x.com/SBBreakers/status/1866215994433126851,"While the #Cowboys threw for just 195 yards, the #Bengals allowed 410 passing yards in their loss to the #Steelers. The Bengals are 7-0 t..."
https://x.com/SBBreakers/status/1866220021019480150,"The #Bengals do not get to play in domes often. When they have, Joe Burrow has really shined. Burrow has 300+ yards and 3 TDs in each of..."
https://x.com/SBBreakers/status/1866555388461527296,"In the most important game of the week in the #AFC, the playoff picture will be shaped the rest of the way as the #Broncos are -4 hosting..."
https://x.com/SBBreakers/status/1866903279390617913,"For the 2nd time this week, the #Bengals will be solid road favorites, this time in Tennessee facing the #Titans. The Bengals are 7-0 ATS..."
https://x.com/SBBreakers/status/1867247821352743247,The #Cardinals laid an egg as a favorite vs the #Seahawks Sunday. The Cardinals are now 0-8 since December 2021 as a 2+ point favorite wi...
https://x.com/SBBreakers/status/1867273994430218641,Another #NFL team has been absolutely awful as a favorite: the Carolina Panthers. The #Panthers just have not found themselves favored of...
https://x.com/SBBreakers/status/1867579147507187933,"Going back further when the #Panthers have been favored against a bad team, it has been TROUBLE! The Panthers are 0-20 ATS since October..."
https://x.com/SBBreakers/status/1867640322760585654,#Bills/#Lions has a huge total. But will both teams be focused on ball control? The Bills had just 21:30 possession last week and it cost...
https://x.com/SBBreakers/status/1868316307193520299,It is an UNUSUAL line in Cleveland today as the 12-1 #Chiefs are just 4-point favorites vs the 3-10 #Browns. Only 6 times in @KillerSport...
https://x.com/SBBreakers/status/1868322603703636301,The line has been shifting toward the #Panthers today despite: Carolina has not been favored in 2 years. Carolina being awful when they w...
https://x.com/SBBreakers/status/1868331469942263856,The #Bengals are clinging to playoff contention in the must-win spot at the #Titans as a road favorite for a 2ns straight game. The Benga...
https://x.com/SBBreakers/status/1868340138956251291,"It was a huge game for Josh Allen last week as the #Bills threw for 342 yards but lost to the #Rams, 44-42. The Bills are 8-0 to the UNDE..."
https://x.com/SBBreakers/status/1868679618116362652,The #Bears enter #MNF off an awful loss to the #49ers last week where they failed to cover by 21.5 points. The Bears are 0-10-1 ATS since...
https://x.com/SBBreakers/status/1868723921119580168,The #Bears lost by 25 points to the #49ers last week and have struggled to recover from big losses. Chicago is 0-6 overall and 0-5-1 ATS...
https://x.com/SBBreakers/status/1868759572422217792,The #Falcons last primetime game turned into a shootout. But that is very rare for Atlanta in night games. Falcons primetime games are 14...
https://x.com/SBBreakers/status/1868776805798191385,The #Falcons are reeling entering tonight's game as losers for 4 straight. There is good news however. The Raiders are 0-9 ATS since Dece...
https://x.com/SBBreakers/status/1869811112813727922,"The #Chargers are coming off a shocking 23-point loss to the #Bucs last week. But with Justin Herbert under center, the Chargers have rec..."
https://x.com/SBBreakers/status/1869964668670001264,The #Chargers finished off a beautiful 5-0 day for us: Chargers ✅ Chargers/Broncos Over ✅✅✅ Sam Houston State✅✅ Jazz ✅✅ Clippers/Maverick...
https://x.com/SBBreakers/status/1870129178646925570,The #Lions are looking to bounceback from their high-profile loss to the #Bills last week. The Lions are 9-0 overall AND 9-0 ATS since No...
https://x.com/SBBreakers/status/1870141163963101416,"For the #Ravens, coming off a big win and being a strong favorite would seem like a good situation. HOWEVER Baltimore is 0-11 vs the spre..."
https://x.com/SBBreakers/status/1870182975515533487,"Time and time again, when the #Chiefs host modest total games they are staying UNDER! The Chiefs are 14-0 to the UNDER since December 201..."
https://x.com/SBBreakers/status/1870512662691655817,"The #Ravens are up to TD-favorites this afternoon hosting the #Steelers. This season, big lines for Baltimore have meant high scoring gam..."
https://x.com/SBBreakers/status/1870520357326553121,"Reminder, the #Chiefs keep playing low scoring games when they host modest total games. Chiefs games are 14-0 to the UNDER since Dec. 201..."
https://x.com/SBBreakers/status/1870847531925533005,The #Cowboys have been good recently in low total games. And quite bad in high total games. The Cowboys are 0-10 ATS since December 2023...
https://x.com/SBBreakers/status/1870855555998179605,"The #Patriots are MONSTER 14-point underdogs at the #Bills today. As a big dog, New England games have been surprisingly high-scoring. Pa..."
https://x.com/SBBreakers/status/1870866228295647299,The #Lions have been PERFECT the last 2+ years both overall and for bettors coming off a loss. The Lions are 9-0 overall AND 9-0 ATS sinc...
https://x.com/SBBreakers/status/1870872820491686348,"Already 3-0 in the #NFL this week with winners on the #Chargers, Chargers/#Broncos Over and #Chiefs. Our plays are 274-213 the past 3 sea..."
https://x.com/SBBreakers/status/1870881626378383805,One of our favorite trends is active today with the #Rams facing a #Jets team that is last in the league in rushes per game. Rams game ar...
https://x.com/SBBreakers/status/1870884680016208119,Can the #Bills cover a huge line today? Because Buffalo has not done so the past 2 seasons. The Bills are 0-7 ATS since October 2022 as a...
https://x.com/SBBreakers/status/1871231726615196115,"Historically, heavy primetime underdogs have been just a so-so proposition. But recently, they have been super competitive. Underdogs of..."
https://x.com/SBBreakers/status/1871256927608685036,While there is a huge line in #Saints/#Packers it is a lower total game of just 43 The Saints are 8-0 to the UNDER since 2021 as a dog of...
https://x.com/SBBreakers/status/1871643376967123231,"It was another OVER for the #Ravens last week vs the #Steelers as 7-point favorites. This season, big lines for Baltimore have meant high..."
https://x.com/SBBreakers/status/1871934677314895882,The #Steelers enter this afternoon's matchup with the #Chiefs off an ugly 17-point loss to the #Ravens Saturday. The Steelers are 7-0 ATS...
https://x.com/SBBreakers/status/1871964875917803764,ICYMI: This season big lines for Baltimore have meant high scoring games! The Ravens are 8-0 to the OVER this season as a 4+ point favori...
https://x.com/SBBreakers/status/1872317230970531907,It was a 2-1 Christmas Day with a loss in the #NFL but easy winners on the #Timberwolves and Wembanyama Points Over yesterday. Today we h...
https://x.com/SBBreakers/status/1872323298865893402,The #Bears have lost 9 straight games entering tonight's #TNF matchup with the #Seahawks. Seattle has shown up against struggling teams....
https://x.com/SBBreakers/status/1872397006158868939,"On the other hand, the #Seahawks themselves are on a 2-game losing streak after their 27-24 loss to the #Vikings Sunday. HOWEVER The Bear..."
https://x.com/SBBreakers/status/1873024159170658328,The #Chargers are solid 6-point favorites at the #Patriots this afternoon. LA has been good the past 2 seasons as a strong favorite. The...
https://x.com/SBBreakers/status/1873039238737825856,The #Broncos are playing with a extra rest having last played last Thursday while the #Bengals are on short rest in today's huge matchup....
https://x.com/SBBreakers/status/1873387583922671849,"We won our Side of the Week on the #Cardinals yesterday! Today we have 4 #NFL selections, with 2 sides & 2 totals including a 4.5-STAR Si..."
https://x.com/SBBreakers/status/1873389545858715726,The #Raiders are road FAVORITES this afternoon at the #Saints. Las Vegas has been truly awful when favored on the road. The Raiders are 0...
https://x.com/SBBreakers/status/1873394610661138863,There is a high-total in the game of the day as the #Vikings are slight favorites vs the #Packers with a total of 49. The Vikings are 0-1...
https://x.com/SBBreakers/status/1873404272584372458,The #Packers are currently getting a point at the #Vikings this afternoon. The Packers are 6-0 ATS since November 2023 as a road dog. Gre...
https://x.com/SBBreakers/status/1873414578480279997,The #Bills are a double-digit favorite for the 2nd straight week today vs the #Jets Buffalo got no where close to covering vs the #Patrio...
https://x.com/SBBreakers/status/1873420900441215168,The #Raiders did win at home last week vs the #Jaguars. But that is unlikely to help their road performance. The Raiders are 0-16 ATS sin...
https://x.com/SBBreakers/status/1873469261383139839,The forthcoming loss on #Jets/#Bills Under is really going to hurt.
https://x.com/SBBreakers/status/1873753478071280090,The #Lions pass defense has struggled the past 2 weeks allowing 685 total yards. That could mean another shootout in #MNF. The Lions are...
https://x.com/SBBreakers/status/1874136852355031460,#Washington enters today's #SunBowl coming off a 28-point loss to #Oregon in their regular season finale in a game where they were 17.5-p...
https://x.com/SBBreakers/status/1874875569638093000,With a couple of key losses last week every one of our #NFL win total plays has now been decided. Finishing with a very strong 6-1 record...
https://x.com/SBBreakers/status/1875223107478130720,"The #Ravens are 20-point favorites vs the #Browns Saturday, the largest line of this #NFL season. Baltimore has been a large favorite sev..."
https://x.com/SBBreakers/status/1875253041630474726,"The #Packers pass offense struggled in their loss to the #Vikings, throwing for just 167 yards. The Packers are 15-0-1 to the UNDER since..."
https://x.com/SBBreakers/status/1875566024155631915,The #Ravens are playing to the largest line of this #NFL season as a 19.5-point favorite vs the #Browns today. Baltimore has not seen big...
https://x.com/SBBreakers/status/1875618137787232267,Reminder that large lines for the #Ravens the last 2 seasons have been leading to higher than expected scoring games. Ravens games are 9-...
https://x.com/SBBreakers/status/1875911001528225830,Yesterday's #NFL play on the #Bengals was a loss on the later lines. We have 5 NFL plays today to close out the regular season including...
https://x.com/SBBreakers/status/1875955357438103858,The #Packers had less than 25 minutes time of possession in last week's loss to the #Vikings. The Packers are 13-0 ATS since November 201...
https://x.com/SBBreakers/status/1876294694591734153,"Yesterday was a split day overall going 3-2 in the #NFL. But it 2 big plays, the 5-STAR on the #Lions and the 4.5-STAR on the #Panthers b..."
https://x.com/SBBreakers/status/1877410087112741073,"While Mike Tomlin has dragged recent subpar #Steelers teams to the playoffs, they have not done anything once there. The Steelers are 0-5..."
https://x.com/SBBreakers/status/1877763821982323023,The #Chargers are currently 3-point road favorites in tomorrow's playoff opener vs the #Texans. The Chargers are 6-0 ATS since December 2...
https://x.com/SBBreakers/status/1877772822723850335,"Did you know that heavy favorites have been really good during #WildcardWeekend In Wild Card games, favorites of at least 9 points are 11..."
https://x.com/SBBreakers/status/1878105943541768698,"When the #Ravens has been heavy favorites, games have consistently been higher scoring than expected. Ravens games are 10-0 to the OVER s..."
https://x.com/SBBreakers/status/1878126016767369675,"People frequently cite Mike Tomlin's success as an underdog. But as a huge underdog, it has been a completely different story. In Mike To..."
https://x.com/SBBreakers/status/1878183375082852530,The #Steelers are generally built on defense but their defense has been DREADFUL in the playoffs recently! Pittsburgh has allowed 40.4 pp...
https://x.com/SBBreakers/status/1878476856330244109,"No coach in the #NFL has been better at staying competitive as a heavy dog than the #Packers Matt LaFleur. In his coaching career, Green..."
https://x.com/SBBreakers/status/1878480067132534901,ICYMI: The #Broncos held the #Chiefs backups to a mere 71 passing yards in last week's win. Broncos games are 19-0-1 to the UNDER since D...
https://x.com/SBBreakers/status/1878500686909800721,Today will be the #Broncos first playoff game since 2016!!! Teams in playoff games after 5+ seasons of missing the playoffs are a surpris...
https://x.com/SBBreakers/status/1878856897161261463,The #Vikings must bounceback tonight from their 22-point loss to the #Lions last week. Minnesota's games after a big loss have often been...
https://x.com/SBBreakers/status/1878907315585245585,"For his career, Matthrew Stafford has AVERAGED 307 passing yards per game in the #NFLPlayoffs. He has also thrown multiple TDs in each of..."
https://x.com/SBBreakers/status/1879233831976198367,The #Texans last 2 games have both gone OVER their totals. That has been a great indication there next game will be going UNDER. The Texa...
https://x.com/SBBreakers/status/1879921784809501092,The #Rams will coming into Philly on Sunday with short rest after their #MNF win over the #Vikings. LA has been REALLY good on short rest...
https://x.com/SBBreakers/status/1879957179718901926,The #Lions enter their matchup with the #Commanders well rested and off a huge 22-point win over the #Vikings week 18. The Lions are 10-0...
https://x.com/SBBreakers/status/1880288999073259615,The #Eagles come into Sunday's meeting with the #Rams off a 12-point win vs the #Packers on Wild Card Weekend. HOWEVER The Rams are 10-0...
https://x.com/SBBreakers/status/1880296019876835702,In their Wild Card game the #Ravens let Lamar take on a heavy load on the ground with 15 rushes. This style of play has led to lower scor...
https://x.com/SBBreakers/status/1880335577847038335,The #Chiefs have won every single time (7-0) they were a 6+ point favorite this season. The Chiefs have not COVERED a single time this se...
https://x.com/SBBreakers/status/1880650941868671062,"In a meaningful week 18 game, the #Lions defense showed up in a big way including holding the #Vikings to just 142 passing yards. The Lio..."
https://x.com/SBBreakers/status/1880675933155451244,ICYMI: The #Texans last 2 games have both gone OVER their totals. For Houston that has meant their next game is going under. The Texans a...
https://x.com/SBBreakers/status/1880711669351117183,"#Commanders/#Lions has a super HIGH total of 55.5 tonight. In playoff games with totals of 55+, the home team has carried a nice edge: 9-..."
https://x.com/SBBreakers/status/1880759917457600815,I’ve never really believed in #Chiefs conspiracy officiating. But today has been a really tough one to dispute it.
https://x.com/SBBreakers/status/1880988463668826610,It was a strong Saturday going 4-1-2 on posted lines and 6-1 with closing lines!! 4 selections Sunday: 4.5-STAR #NFL Total 4-STAR NFL Sid...
https://x.com/SBBreakers/status/1880989447031844934,The #Rams face a tough #Eagles defense that allowed just 10 points to the #Packers in last week's win. The Rams are 8-0 ATS since October...
https://x.com/SBBreakers/status/1881026148559155694,ICYMI: Sean McVay has been REALLY good at getting the #Rams prepped for games on short rest. The Rams are 11-0 overall & 11-0 ATS since N...
https://x.com/SBBreakers/status/1881051206421746131,ICYMI: The #Rams have really showed up against teams entering off big wins and the #Eagles defeated the #Packers by 12 points last week....
https://x.com/SBBreakers/status/1881052477551702385,Both of today's #NFLPlayoffs games are rematches of blowouts. The #Eagles defeated the #Rams by 17 while the #Ravens defeated the #Bills...
https://x.com/SBBreakers/status/1881733623449297373,The #Eagles are at their best when they are rushing the ball well. That happened in a big way Sunday vs the #Rams with 285 rushing yards!...
https://x.com/SBBreakers/status/1882099993592356896,Both teams generated a lot of pressure in the #Eagles Divisional Round win over the #Rams. Philadelphia had 5 sacks. The #Eagles are 7-0...
https://x.com/SBBreakers/status/1882494415228256623,"While the #Eagles have thrived after a big sack game, the #Commanders have STRUGGLED facing a team off a big sack game. The Commanders ar..."
https://x.com/SBBreakers/status/1882824078504923189,"Last week, #Texans/#Chiefs was a low total game of just 41.5. This week, #Bills/#Chiefs has a total a full TD higher at 48.5. Chiefs game..."
https://x.com/SBBreakers/status/1883523711489184051,Yesterday we were a nice 4-2-1 (likely 5-2 on later lines). Today we have 3 selections including 2 in the #NFLPlayoffs! 4.5-STAR #NFL Sid...
https://x.com/SBBreakers/status/1883545936720203869,The #Commanders allowed 201 rushing yards in their win over the #Lions last round. The Commanders are 8-0 to the OVER since 2019 when the...
https://x.com/SBBreakers/status/1883559525359182116,The #Commanders are sizable dogs in the today Washington has played aggressive in these games. The Commanders are 7-0 to the OVER since J...
https://x.com/SBBreakers/status/1883576386830598550,ICYMI: Philly has been awesome after huge rushing games The Eagles are 8-0 overall & ATS since January 2023 when they rushed for at least...
https://x.com/SBBreakers/status/1883589975985488220,The #Eagles are 7-0 overall & ATS since January 2023 when they had at least 5 sacks last game. The #Commanders are 0-9 overall & ATS sinc...
https://x.com/SBBreakers/status/1883614638539190293,"While the #Bills are 0-3 vs the #Chiefs in the #NFLPlayoffs, Josh Allen has still played well in these games. 267 passing yards per game..."
https://x.com/SBBreakers/status/1886815304161866100,FYI: The #SuperBowl is not a typical game and as such we are likely to post trends favoring both the #Eagles and #Chiefs and/or the over...
https://x.com/SBBreakers/status/1886818934017474647,The #Eagles are at their best when they are rushing the ball well. Philly ran for 229 yards in their NFC Championship win over the #Comma...
https://x.com/SBBreakers/status/1887167282268213414,"Rushing for 186 yards per game, the #Eagles are one of the top rushing offenses of any recent season. However, the #Chiefs have been good..."
https://x.com/SBBreakers/status/1887206702312727006,The #SuperBowl total of 48.5 is one of the higher totals the #Eagles have played to this season. Philadelphia has been perfect in high-to...
https://x.com/SBBreakers/status/1887543170743054727,"It was not the #Chiefs best defensive performance in the #AFCChampionship, allowing 29 points in the #Bills in the win. The Chiefs are 0-..."
https://x.com/SBBreakers/status/1887584881523470645,It was yet another narrow 3-point win for the #Chiefs in the AFC Championship vs the #Bills. Chiefs games are 13-0 to the UNDER since Dec...
https://x.com/SBBreakers/status/1887918345191833734,The #Chiefs have constantly been winning tight games including by 3-point in the AFC Championship. The #Eagles have not been great agains...
https://x.com/SBBreakers/status/1887958077674008675,For a #FreePlayFriday we are sharing one of our 20 prop selections that we released for the Super Bowl below. Don't miss our complete #Su...
https://x.com/SBBreakers/status/1888266741710455102,The #Chiefs trailed by a point entering the 4th quarter of their AFC Championship win over the #Bils The Chiefs are 10-0 to the UNDER sin...
https://x.com/SBBreakers/status/1888610054959743169,The #Chiefs finally unleashed their offense in AFC Championship game with 32 points in the win. HOWEVER The Chiefs are 0-8 ATS since Janu...
https://x.com/SBBreakers/status/1888624399114551725,"When a playoff game is expected to be tight, as is the case for #SuperBowlLIX, the #Chiefs have found a way. The Chiefs are 8-0 & overall..."
https://x.com/SBBreakers/status/1888640505551950239,The #Chiefs constant close wins have led to low scoring games their next games. Chiefs games are 13-0 to the UNDER since December 2022 as...
https://x.com/SBBreakers/status/1888674730745733127,ICYMI When Philly is doing damage on the ground they are hard to stop! The Eagles are 9-0 overall (20.9 ppg) & ATS (+17.2 ppg) since Janu...
https://x.com/SBBreakers/status/1888688068703719443,Did you know the #Chiefs have been extremely strong vs top rushing teams like the #Eagles. The Chiefs are 11-0 overall & 10-0-1 ATS since...
https://x.com/SBBreakers/status/1888701406603059380,The #SuperBowl total has held stead at 48.5 and that has favored Philadelphia this season. The Eagles are 7-0 ATS & overall this season w...
https://x.com/SBBreakers/status/1892296916282535957,"In a blowout loss to St .Mary's Saturday, Washington State got to the foul line just 9 times. Washington State is 16-0 to the UNDER since..."
https://x.com/SBBreakers/status/1892330500624437476,"Adding on to this one, #WashingtonState is an 11.5-point dog hosting #Gonzaga tonight. Washington State is 9-0 to the UNDER since Decembe..."
https://x.com/SBBreakers/status/1893370893499588692,"Not only did #WashingtonState's game vs #Gonzaga Thursday go way under, the Cougars also attempted just 8 free throws making this active..."
https://x.com/SBBreakers/status/1907487460168466622,Framber Valdez makes his 2nd home start of the year this afternoon as the #Astros host the #Giants. The Astros are 11-0 since June 2024 w...
https://x.com/SBBreakers/status/1913230407429939364,"It was a strong defensive effort for the #Heat in their first playoff game, holding the hot #Bulls offense to just 95 points. The Heat ar..."
https://x.com/SBBreakers/status/1926677783826084133,The #Giants are solid road favorites vs the #Nationals today despite being shutout yesterday. The Giants are 10-0 since 2023 as a favorit...
https://x.com/SBBreakers/status/1929980157441282368,For the 2nd time in a little more than a week the #Giants are solid favorites tonight after a shutout loss. The Giants are 11-0 since 202...
https://x.com/SBBreakers/status/1931013178558922999,The #Giants are home dogs as they open a series vs the #Braves tonight. That could mean a high-scoring game. The Giants are 14-0-1 to the...
https://x.com/SBBreakers/status/1931382392624644132,The #Braves are solid underdogs at the #Giants this afternoon with an unfavorable pitching matchup. The Braves are 0-13 since May 2022 as...
https://x.com/SBBreakers/status/1935422924632244555,"Another day, another loss as a favorite for the #Nationals as they lost to the #Rockies again last night. The Nationals are 0-8 since May..."
https://x.com/SBBreakers/status/1936112772385063235,The #Rangers are strong road favorites in their series opener at the #Pirates tonight. Rangers games are 10-0 to the UNDER since April 15...
https://x.com/SBBreakers/status/1936805532641222679,The #Reds are road favorites in St Louis vs the #Cardinals this afternoon with a total of 9.5. The Reds are 13-0 since June 2023 as a roa...
https://x.com/SBBreakers/status/1952761366508347492,The #Nationals are favored today vs the #Athletics. But Washington has really struggled as a favorite. The Nationals are 0-10 since May 9...
https://x.com/SBBreakers/status/1963650279376564672,The #Seahawks scored 20+ points in both meetings vs the #49ers last season including a week 11 upset. The Fortyniners are 0-13 ATS since...
https://x.com/SBBreakers/status/1963660705892274186,ICYMI: High total games were a great spot for the #Eagles last season. The Eagles are 8-0 ATS this season when the total is over 47. The...
https://x.com/SBBreakers/status/1963761036797858269,Quite a start to this game for the #Eagles here.
https://x.com/SBBreakers/status/1963818966482084145,"Since 1989, games with more than 40 first half points scored were 324-4-2 to the game over. It is now 324-5-2 over as #Cowboys/#Eagles st..."
https://x.com/SBBreakers/status/1963982944952803515,"The Super Bowl loser getting off to slow starts the next season, particularly compared to expectations, has been a very really issue. Tea..."
https://x.com/SBBreakers/status/1964072164916687049,"Justin Herbert has not seen any major spike in his passing recently as a dog. The last 2 seasons, Herbert has averaged 220 passing yards..."
https://x.com/SBBreakers/status/1964084716468064393,Our Sunday #NFL selections are now available! We have more than 50 systems specific to week 1 or early weeks and those are reflected in t...
https://x.com/SBBreakers/status/1964682420294242568,"It was a solid 8-6 Saturday, easily winning the top play on #Troy. We're now back for the start of #NFL season with a loaded Sunday with..."
https://x.com/SBBreakers/status/1964683436523704514,There is a narrative that the #Lions have not played that great away from home. It's just not true. The Lions are 13-0 ATS since November...
https://x.com/SBBreakers/status/1964690212929343718,"Teams that snuck into the playoffs last season despite an average record tend to really struggle week 1. In week one, teams that made the..."
https://x.com/SBBreakers/status/1964696344599073275,The #Bengals defeated the #Browns 24-6 in their last meeting last season for an easy cover. Bengals games are 14-0-1 to the UNDER since J...
https://x.com/SBBreakers/status/1964704181177991348,"The #Falcons are small home dogs facing the #Bucs today in a big NFC South. When Atlanta has been a home dog, games have surprisingly bee..."
https://x.com/SBBreakers/status/1965076363003486280,The #Vikings open the season tonight in an #MNF matchup with the #Bears. Their recent Monday night games have all played out similarly. V...
https://x.com/SBBreakers/status/1966151786579763339,"In week 1, the #Commanders defense was strong in all aspects vs the #Giants. Washington allowed 157 passing yards and 74 rushing yards. T..."
https://x.com/SBBreakers/status/1966509240685666445,The #Chiefs have been good for bettors as a dog. Where they've been very poor is off a bad defensive game like last week when they allowe...
https://x.com/SBBreakers/status/1967228797515596107,The #Lions are looking to avoid 0-2 today vs the #Bears after a week 1 loss to the #Packers. The Lions are 10-0 overall & 10-0 ATS since...
https://x.com/SBBreakers/status/1967239117835743663,The #Titans did not win their opener but they did narrowly cover vs the #Broncos. HOWEVER Tennessee has not covered 2 straight games in 2...
https://x.com/SBBreakers/status/1967259007854190653,The #Steelers offense has rarely gone off in recent seasons. But it did last week scoring 34 points in their opening win over the #Jets....
https://x.com/SBBreakers/status/1967263062936711209,"ICYMI: The #49ers have not done a great job backing up wins. The Fortyniners are 0-10 ATS since December 25, 2023 when they won their las..."
https://x.com/SBBreakers/status/1967267275376828657,"The #Panthers2025 scored just 10 points in their week 1 loss to the #Jaguars. Panthers games are 7-0 to the OVER since September 22, 2024..."
https://x.com/SBBreakers/status/1967643954629026207,The Buccaneers defeated the Falcons week 1 despite having the ball for just 24:48. Buccaneers games are 10-0 to the UNDER since November...
https://x.com/SBBreakers/status/1967678557523493303,The Chargers are favorites despite playing at the Raiders in the MNF late game tonight. Chargers games are 7-0 to the OVER since November...
https://x.com/SBBreakers/status/1968711452639834294,"In one of the big games Sunday, the Eagles look to slow down a Rams team that is 2-0 overall and vs the spread. The Eagles are 12-0 ATS s..."
https://x.com/SBBreakers/status/1968722986330112088,The Bills are huge 11.5-point favorites on TNF vs the Dolphins tonight entering with a 2-0 record. Bills games are 8-0 to the OVER since...
https://x.com/SBBreakers/status/1968755192616079378,"In a dominant performance Sunday, the Bills only need to throw the ball 27 times vs the Jets in their 30-10 win. Bills games are 7-0 to t..."
https://x.com/SBBreakers/status/1968793799208911030,Something to watch for in tonight's TNF game: Josh Allen has not unleashed recently as a big favorite. In his last 5 games as a double-di...
https://x.com/SBBreakers/status/1969064575535403502,The Bengals are 3-point dogs on Sunday vs the Vikings despite coming off their last minute win over the Jaguars. The Bengals are 10-0 ATS...
https://x.com/SBBreakers/status/1969455766949032251,"I don't want to cause alarm, but both Carson Wentz and Marcus Mariota are FAVORED as NFL starting quarterbacks this week. Do with this in..."
https://x.com/SBBreakers/status/1969760916880204172,The Steelers are coming off an ugly 14-point home loss to the Seahawks last week. Good news for Pittsburgh is they have been really good...
https://x.com/SBBreakers/status/1969765396929470558,"It has been a winning NFL season so far and we have a nice day today, loaded with sides we like! 8 sides including 3 4.5-STAR 2 totals BO..."
https://x.com/SBBreakers/status/1969768326730838512,The line for the Falcons has climbed this week as road favorites vs the Panthers. That comes after their 16-point win over the Vikings la...
https://x.com/SBBreakers/status/1969772101528895565,ICYMI: We have released one of our 10 NFL selections today FREE to check out. Download that selection here and see the kind of informatio...
https://x.com/SBBreakers/status/1969774870796935236,"The Seahawks are big favorites vs the 0-2 Saints today. HOWEVER The Seahawks are 0-7-2 ATS since October 29, 2023 as a favorite when not..."
https://x.com/SBBreakers/status/1969777889718456821,Our spotlight system is already 1-0 on the week on the Dolphins. Teams that failed to cover their first 2 games of the NFL season (facing...
https://x.com/SBBreakers/status/1969781412862783694,ICYMI: The Bengals were able to pull off a comeback win with Jake Browning last week but are dogs again today with him under center vs th...
https://x.com/SBBreakers/status/1969793492319940783,ICYMI: The Bears have not responded well to blowout losses and lost to the Lions by 31 points last week. The Bears are 0-8 overall & 0-7-...
https://x.com/SBBreakers/status/1969796764120101193,The Falcons first two games have gone UNDER the total. That is not the greatest sign for them today. The Falcons are 0-9 ATS since Octobe...
https://x.com/SBBreakers/status/1970121495260131500,It was just a middling 4-5-1 or 4-6 NFL week for us but the free play on the #Steelers was a winner! Our NFL selections are 572-474 over...
https://x.com/SBBreakers/status/1970121499395678614,"If you like our NFL selections, we are now offering $100 off the rest of season NFL package using code 100OFFNFL"
https://x.com/SBBreakers/status/1970157953345843427,The Lions enter MNF tonight off a monster 52-21 win over the Bears last week. The Lions are 16-0-1 ATS since 2017 coming off a 4+ point w...
https://x.com/SBBreakers/status/1970168715183562838,The Lions ran all over the Bears last week to the tune of 177 rushing yards. The Lions are 13-0 ATS since 2018 & 9-0 outright since Janua...
https://x.com/SBBreakers/status/1970172883210215720,"It is noteworthy looking at this that Jared Goff has been BAD in his limited games vs the Ravens. In 3 career starts vs the Ravens, Goff..."
https://x.com/SBBreakers/status/1970176767995400396,The Lions have an extra day of rest for tonight's MNF matchup. Detroit with extra rest has led to high scoring games. Lions games are 9-0...
https://x.com/SBBreakers/status/1970185072822116458,The Lions got up on the Bears 28-14 at halftime last game and won 52-21. The Lions are 14-0 ATS since 2020 when they led by at least 10 p...
https://x.com/SBBreakers/status/1970208225036567006,The Lions covered by 26 points in their big week 2 win over the Bears. Detroit is 11-0 ATS since 2018 in the regular season when they cov...
https://x.com/SBBreakers/status/1970898992620826743,The Chargers travel to face the Giants as 6.5-point favorites with a total of 44.5. LA has played well in low total games as favorites. T...
https://x.com/SBBreakers/status/1970930484290171338,It has been all walkovers for Penn State this year but that is about to change Saturday vs Oregon. The Nittany Lions are coming off a 52-...
https://x.com/SBBreakers/status/1971228590172746115,The Ravens lost the lone total of the game Monday night in their 38-30 loss to the Lions. Baltimore recovers well in this spot. The Raven...
https://x.com/SBBreakers/status/1971271693243953650,Not only did the Lions cover on Monday night but they won 38-30 vs the Ravens making this active again Sunday! The Lions are 17-0-1 ATS s...
https://x.com/SBBreakers/status/1971279513591087353,Computer ratings (and some bettors based on the line movement) clearly like Washington way more than voters do. But what we are left with...
https://x.com/SBBreakers/status/1971586644743503952,"While the Bucs had to rally late in their win over the Jets last week, that was only after leading by 14 points at halftime. The Buccanee..."
https://x.com/SBBreakers/status/1971628523501555953,It was as rare big scoring game for Carolina last week in their shocking 30-0 win over the Falcons. HOWEVER The Panthers are 0-10 ATS sin...
https://x.com/SBBreakers/status/1971634120783810855,Penn State is a 3.5-point favorite hosting Oregon Saturday. Games with tight lines have been absolute death for the Nittany Lions. Penn S...
https://x.com/SBBreakers/status/1971674033063448978,The Ravens enter Sunday's showdown with the Chiefs off a rare loss last week to the Lions. Baltimore is likely to be aggressive on Sunday...
https://x.com/SBBreakers/status/1971929316079317459,Washington/Ohio State has a modest total of 53.5 today despite Ohio State has scoring 40.3 ppg (Washington even more) and puttting up 37...
https://x.com/SBBreakers/status/1971936865709347201,It has been all big wins for Penn State this season. That includes a 52-6 win over Villanova last game. Penn State is 0-8 ATS since Octob...
https://x.com/SBBreakers/status/1971944266386596226,"Ohio State didn't quite carry the line last game as a 28.5-point favorite vs Ohio, winning 37-9. Ohio State is 7-0 ATS since September 20..."
https://x.com/SBBreakers/status/1972305596989821319,Last week was the Lions 2nd straight huge cover as they covered by 12.5 points in their upset win over the Ravens. The Lions are 12-0 ATS...
https://x.com/SBBreakers/status/1972313010451419160,The Eagles enter a showdown at the Bucs today having pulled off an incredible comeback vs the Rams last week. But their defense allowed 2...
https://x.com/SBBreakers/status/1972317484528062744,The total has even dropped a bit and this one will definitely be active today. The Chargers are 10-0 ATS since January 2021 as a 4+ point...
https://x.com/SBBreakers/status/1972322379138310173,The Colts are dogs to the Rams today despite coming in red hot and beating the Titans by 21 last week. The Rams show up against teams com...
https://x.com/SBBreakers/status/1972335870549332082,The Jags won last week 17-10 over the Texans. The Jaguars are 7-0 to the OVER since December 2023 when they won last game. The total for...
https://x.com/SBBreakers/status/1972337778701795529,"With the first play of the day looking good, we have 5 selections still to come on this NFL Sunday. Get them all in today's package here:..."
https://x.com/SBBreakers/status/1972339015794790527,A negative turnover margin did Baltimore no favors in their loss to the Lions Monday night. The Ravens are 11-0 ATS since December 2022 w...
https://x.com/SBBreakers/status/1972698705875624068,Nothing went right for the #Bengals last week in their 48-10 loss to the Vikings. That includes throwing for just 118 yards in the game....
https://x.com/SBBreakers/status/1972698708547350860,Our $1/day Trends Sheet subscribers received more than 220 active trends for this week's NFL games. An incredible value for $1/day! Don't...
https://x.com/SBBreakers/status/1972717054609461702,The Bengals gained just 171 yards in their loss to the Vikings last week. Bengals games are 8-0 to the OVER since 2023 when they gained l...
https://x.com/SBBreakers/status/1972732105915253147,Denver will look to jump on a Bengals squad that lost by 38 points in their last game vs the Vikings. Broncos games are 10-0 to the OVER...
https://x.com/SBBreakers/status/1973833865455083716,The 49ers are big underdogs vs the Rams tonight but last week they were favored in their lost to the Jaguars. The Fortyniners are 7-0 to...
https://x.com/SBBreakers/status/1974500025498570765,Matthew Boyd threw just 58 pitches in his Wild Card round start. Boyd has won 12 straight starts when he threw less than 90 pitches last...
https://x.com/SBBreakers/status/1974832445502452162,Philadelphia faces a Broncos team today that had a strong offensive night vs the Bengals Monday night with 28 points. The Eagles are 8-0...
https://x.com/SBBreakers/status/1974856101226033583,The Commanders enter today vs the Chargers off a 7-point loss to the Falcons last week. The Chargers have kept things conserative in thes...
https://x.com/SBBreakers/status/1974862141019881969,Cincinnati is playing on short rest for the first time this season as they come off a Monday night matchup vs the Broncos. The Bengals ar...
https://x.com/SBBreakers/status/1974868684280893454,Philadelphia faces the Broncos today who entered the season with a win total of 9.5 The Eagles are 9-0 ATS (& 9-0 overall) since October...
https://x.com/SBBreakers/status/1975223647666053521,The Chiefs broke out for 37 points in a win over the Ravens last week. HOWEVER The Chiefs are 0-9 ATS since January 2023 when they scored...
https://x.com/SBBreakers/status/1975577698391986378,The Cardinals burnt so many on Sunday as they failed to cover by 8.5 points in their loss to the Titans. And few are excited to back them...
https://x.com/SBBreakers/status/1976320113717506049,The Titans pulled off an improbable win on Sunday vs the Cardinals. But it has been nearly 3 years since they have won 2 straight games....
https://x.com/SBBreakers/status/1976362260810326192,The Giants are hosting the Eagles on TNF tonight in week 6. Early season New York home games have all gone UNDER Giants games are 12-0 to...
https://x.com/SBBreakers/status/1976688676949078130,Did you know that huge early season NFL favorites have been underlined if anything? Favorites of more than 12 points in the first 5 games...
https://x.com/SBBreakers/status/1976701762813018499,There is currently projected to be a 12 mph wind in Kansas City Sunday night for Lions/Chiefs. That could have a huge impact on the game....
https://x.com/SBBreakers/status/1977078802187681895,We're coming of an ugly week in the NFL but are still confident in the long-term success. Sunday's 8 selections are now posted with 5 sid...
https://x.com/SBBreakers/status/1977362114017992908,The Jets enter the London game this morning coming off a 37-22 loss to the Cowboys last week. The Jets are 9-0 to the OVER since October...
https://x.com/SBBreakers/status/1977370921980809556,Kansas City put up 28 points in their loss to the Jaguars Monday night. The Chiefs are now 0-10 ATS since January 2023 when they scored a...
https://x.com/SBBreakers/status/1977376458533441769,In it not just a winning streak that has eluded the Titans. It is also a cover streak. The Titans are 0-9 ATS since September 2023 when t...
https://x.com/SBBreakers/status/1977382750123417894,The Dolphins are 3.5-point home dogs in today's matchup with the Chargers. It is a lower total game of 43.5 The Dolphins are 0-8 ATS sinc...
https://x.com/SBBreakers/status/1977387783212745059,Last week it was another big loss for Baltimore and that game went way over the total. The Ravens are 10-0 to the OVER since November 202...
https://x.com/SBBreakers/status/1977393823165637046,The Jaguars are coming off a big 31-28 win Monday night against the Chiefs. The Jaguars are 9-0 to the OVER since December 2023 when they...
https://x.com/SBBreakers/status/1977401624135115176,"The Saints have covered 2 straight games including their win over the Giants last week. HOWEVER The Saints are 0-7 ATS since January 17,..."
https://x.com/SBBreakers/status/1977753590446924164,"It was a nice 5-3 Sunday in the NFL, winning the top play of the day. Monday we have 3 selections all with 9+ trends/systems 4.5-STAR NFL..."
https://x.com/SBBreakers/status/1977755424293097519,The Falcons are dogs vs the Bills in MNF tonight despite a win over the Commanders in their last game. The Falcons are 0-7 ATS (& outrigh...
https://x.com/SBBreakers/status/1977819184823443914,The Falcons are underdogs hosting the Bills tonight and it comes in a high-total game of 49.5. HOWEVER The Falcons are 0-9 ATS since Janu...
https://x.com/SBBreakers/status/1977824806856003931,"We have 3 selections today, all with 9+ trends/systems. The first one starts early so don't miss out. 4.5-STAR NFL Side 4-STAR NFL Total..."
https://x.com/SBBreakers/status/1978526635860144161,"The Cowboys are underdogs hosting the Commanders Sunday after losing as a road favorite at the Panthers Sunday, 30-27. The Cowboys are 8-..."
https://x.com/SBBreakers/status/1978840810843193621,The Steelers face the Bengals tonight coming off a 23-9 win over the Browns on Sunday. Pittsburgh has been good early in the season off b...
https://x.com/SBBreakers/status/1978846368354406545,Did you know that the Panthers have not won as a favorite in more than 4 seasons! The Panthers are incredibly 0-10 OUTRIGHT since October...
https://x.com/SBBreakers/status/1978846371416355105,Our Daily Trends Sheet subscribers will be receiving 100s of active team trends for this week's NFL slate such as this! A huge value for...
https://x.com/SBBreakers/status/1978904527290949973,"The Steelers enter TNF tonight off a 14-point win over the Browns. On the Bengals, that has meant high-scoring games. Bengals games are 8..."
https://x.com/SBBreakers/status/1979221882214977854,It was the Titans best defensive effort of the season last week as they held the Raiders to just 226 total yards in a loss last week. HOW...
https://x.com/SBBreakers/status/1979221885444411514,Our Daily Trends Sheet subscribers received more than 230 NFL trends active this week! A huge value for $1/day! Act now so you don't miss...
https://x.com/SBBreakers/status/1979645424672878605,Our NFL selections our posted for tomorrow and it is EASILY the biggest day of the year so far! 5-STAR Side (1st 5-STAR play of either NF...
https://x.com/SBBreakers/status/1998113394163892518,The Chargers enter tonight's MNF matchup with the Eagles off a 31-point effort vs the Raiders last week. The Chargers are 11-0 to the OVE...
https://x.com/SBBreakers/status/1999215501268979838,The Falcons face a Bucs team today that is coming off a 4-point loss to the Saints in their last game. The Falcons are 0-7 ATS since Janu...
https://x.com/SBBreakers/status/1999524196313878789,Did you know the Panthers have lost the last 11 times they were favored! That is not just vs the spread. They have lost OUTRIGHT! The Pan...
https://x.com/SBBreakers/status/1999878731775767035,The LA Bowl tonight has a total of just 52.5 after Boise State put up 38 points vs UNLV in the conference championship win. Washington is...
https://x.com/SBBreakers/status/1999899619208380520,The Lions face a Rams team tomorrow that covered by 19.5 points in a 28-point win over the Rams last week. The Lions are 10-0 ATS since D...
https://x.com/SBBreakers/status/2000208404460245121,It is a HUGE total in Lions/Rams today with LA the home favorite but Detroit coming in with extra rest after a Thursday game. Rams games...
https://x.com/SBBreakers/status/2000224510373417149,Carolina is on a historic run for failures as a favorite and it is on the line again today. The Panthers are 0-11 since October 2021 as a...
https://x.com/SBBreakers/status/2000631846611157135,Yesterday's big 5-STAR play on the Commanders was a nice winner but the final tally in the NFL was 4-6 on the day. Today it is a pair of...
https://x.com/SBBreakers/status/2001692865252995399,The Rams enter tonight huge TNF matchup with the Seahawks having overcome allowing 34 points to the Lions in a win on Sunday. The Rams ar...
https://x.com/SBBreakers/status/2001718660453261390,The Seahawks last second 18-16 win over the Colts last week went well under the modest total of 41.5. Seattle has not played 2 straight u...
https://x.com/SBBreakers/status/2001738486106247255,The Rams racked up 159 rushing yards in their big win over the Lions last week. The Rams are 7-0 ATS since December 2023 when they ran fo...
https://x.com/SBBreakers/status/2002055271728791560,The Lions are TD favorites vs the Steelers Sunday coming off a high-scoring loss to the Rams last week. The Lions are 14-0 overall & 14-0...
https://x.com/SBBreakers/status/2002110719370932724,Last week the Eagles dominated the Raiders 31-0. They ran the ball 47 times for 183 yards in the game. Controlling the game on the ground...
https://x.com/SBBreakers/status/2002443476307251590,"Last week the Commanders were underdogs at the Giants but won, 29-21. Washington looks to pull off another upset vs the Eagles today. Com..."
https://x.com/SBBreakers/status/2002745459253874915,Yesterday was 2-1 in the NFL (3-2 overall) and should have been 3-0 if not for the Packers collapse. Today we have 8 NFL selections with...
https://x.com/SBBreakers/status/2002751076609524041,Teams on massive winning streaks in the NFL have been extremely profitable to play against. Teams on 11+ game winning streaks are 14-38 A...
https://x.com/SBBreakers/status/2002764457726918731,"Despite losing to the Bills last week, the Patriots had a MASSIVE day on the ground with 246 rushing yards. HOWEVER The Patriots are 0-8..."
https://x.com/SBBreakers/status/2002768908990693796,"The Panthers and Bucs play for the NFC South lead this afternoon after both teams were upset last week. But for Carolina, they have not f..."
https://x.com/SBBreakers/status/2002777512338710799,The Jaguars enter a huge AFC matchup with the Broncos today coming off a 28-point win over the Jets last week. Jaguars games are 10-0 to...
https://x.com/SBBreakers/status/2002783286809227400,Falcons/Cardinals is an under the radar game today with Arizona entering on a 6-game losing streak. The Cardinals are 10-0 to the OVER si...
https://x.com/SBBreakers/status/2003144153291501700,The Colts were monster dogs last week but kept things close while scoring just 16 points in an 18-16 loss at the Seahawks. Colts games ar...
https://x.com/SBBreakers/status/2003161325388857555,Washington State's regular season finale was 32-8 win and cover vs Oregon State that went under the total. Washington State is 8-0 to the...
https://x.com/SBBreakers/status/2003260197675192460,It was another easy winner with the 5-STAR play on Washington State. Can't remember another week where we had 3 5-STAR selections like th...
https://x.com/SBBreakers/status/2003898536233259360,"We have a huge slate on Christmas with 6 plays including a 5-STAR. While it's not a #FreePlayFriday, should we make one of those NFL play..."
https://x.com/SBBreakers/status/2003900441847837067,The Lions scored 24 points last week but both lost and failed to cover against the Steelers. The Lions are 11-0 to the OVER since Novembe...
https://x.com/SBBreakers/status/2003908031609033129,Cal enters the Hawaii Bowl today coming off a shootout 38-35 upset win. The Bears did it through the air with 330 passing yards but just...
https://x.com/SBBreakers/status/2004200710729355595,"The Lions were upset by the Steelers last week, failing to cover by 12 points in that loss. The Lions are 10-0 ATS since January 2023 aft..."
https://x.com/SBBreakers/status/2004210526096969767,Kansas City was a road favorite at the Titans on Sunday but lost by 17 points and gained just 133 total yards in the process. The Chiefs...
https://x.com/SBBreakers/status/2004225624635068463,"The Vikings have quietly won 3 straight games entering their game vs the Lions, including a low scoring 16-13 win vs the Giants last week..."
https://x.com/SBBreakers/status/2004263373580693673,"The Broncos finally lost last week, falling to the Jaguars by 14 points while allowing 346 yards of offense. The Broncos are 12-0 ATS sin..."
https://x.com/SBBreakers/status/2004589773772779889,"Wins have been rare for the Titans, but they enter Sunday vs the Saints off a 17-point win vs the Chiefs. It's been more then 3 seasons s..."
https://x.com/SBBreakers/status/2004937793093423494,The Packers collapsed late last week and both lost and failed to cover in a huge OT showdown with the Bears. The Packers are 0-7 ATS sinc...
https://x.com/SBBreakers/status/2004959460410658984,The Chargers face the Texans stingy defense today after covering by 18.5 points in a big win vs the Cowboys last game. Texans games are 1...
https://x.com/SBBreakers/status/2004968519675564383,Meanwhile in the other side the Ravens enter tonight's game after a costly 28-24 loss to the Patriots. The Packers are 0-7 ATS since Nove...
https://x.com/SBBreakers/status/2004996916048724333,That would be devastating for the Browns… so you’re probably on to something
https://x.com/SBBreakers/status/2005137698848178222,"It was a 4-2 Saturday, winning the lone NFL play on the Texans. We currently have 6 plays posted for the NFL Sunday including 3 4.5-STAR..."
https://x.com/SBBreakers/status/2005294703982379198,"It was a 4-2 Saturday, winning the lone NFL play on the Texans. We c6 plays posted for the NFL Sunday with 3 4.5-STAR plays. There are 4..."
https://x.com/SBBreakers/status/2005297994698981643,The Steelers are in a huge spot at the Browns today coming off a big upset win over the Lions last week that snuck over the total of 52.5...
https://x.com/SBBreakers/status/2005303053885341814,"The Eagles thrive when they run the ball successfully. Philadelphia did just that last week, running for 207 yards in a win over the Comm..."
https://x.com/SBBreakers/status/2005308510125576465,The Jaguars enter today's matchup with the Colts off a huge 14-point win at the Broncos last week. Jaguars games are 11-0 to the OVER sin...
https://x.com/SBBreakers/status/2005314801447129099,"When the Titans win a game, they lose and fail to cover the next one. When a Titans game goes UNDER, their next game goes OVER! The Titan..."
https://x.com/SBBreakers/status/2005322350850621534,The Eagles have played their best ball against top competition. The Eagles are 8-0 overall & 8-0 ATS since October 2024 when their oppone...
https://x.com/SBBreakers/status/2005727285626757181,The Rams were small underdogs at the Seahawks last week. LA is now a strong road favorite at the Falcons on MNF. The Rams are 8-0 to the...
https://x.com/SBBreakers/status/2007507702990168293,"Last week, Tampa Bay threw for 327 yards vs the Dolphins but it was not enough in a 20-17 loss. The Buccaneers are 9-0 to the OVER since..."
https://x.com/SBBreakers/status/2007550273246384197,The Seahawks 27-10 win over the Panthers last week went under the total. It has been more than a season since Seattle has had 2 straight...
https://x.com/SBBreakers/status/2007836927211319380,Last week the Dolphins pulled off an upset win over the Bucs. Miami is an even bigger dog this week at the Patriots. The Dolphins are 0-1...
https://x.com/SBBreakers/status/2007864854393061578,"The Rams failed to cover big on Monday night, losing as a big favorite vs the Falcons. It has been more than a season since the Rams have..."
https://x.com/SBBreakers/status/2009295666510450845,"The last time a double-digit NFL playoff favorite lost outright was in 2011! Since that upset (Saints/Seahawks Beast Mode game!), double-..."
https://x.com/SBBreakers/status/2009347326481957148,"In recent divisional playoff matchups, the favorites have won out. Since 2021, the favorite in playoff matchups of divisional foes are 9-..."
https://x.com/SBBreakers/status/2009648483259605063,"The Rams were shocked by the Panthers in Carolina earlier this season. Despite that, LA is a double-digit favorite in Saturday’s matchup...."
https://x.com/SBBreakers/status/2009670431759024400,The Panthers defense did show up last week in a potentially critical 16-14 loss to the Bucs. The Rams are 10-0 ATS since December 2023 wh...
https://x.com/SBBreakers/status/2009689903445970976,The 49ers gave up 180 rushing yards to the Seahawks last week. You'd think the Eagles would be set up to really expose a struggling rushi...
https://x.com/SBBreakers/status/2009993054321820104,"Last week, the Rams had success running the ball with 31 carries for 143 yards vs the Cardinals. The Rams are 10-0 ATS since December 202..."
https://x.com/SBBreakers/status/2010009737887367244,"Matthew Stafford is 5-5 in his playoff career. Stafford is 0-5 in playoff games as a 3+ point dog. As a favorite, or dog of less than 3 p..."
https://x.com/SBBreakers/status/2010032135051370919,The Rams had to travel across the country on short rest for today's matchup with the Panthers. That has not been an issue for LA The Rams...
https://x.com/SBBreakers/status/2010067926364442690,"ICYMI: The Panthers big upset of the Rams earlier this season likely means LA won't take anything for granted, Playoff favorites of at le..."
https://x.com/SBBreakers/status/2010083221879611873,The Bears allowed 311 passing yards to the Lions last week in a game they were trying to win. The Bears are 7-0 to the UNDER since 2024 a...
https://x.com/SBBreakers/status/2010366399282024463,Yesterday's NFL was a rough 0-2 as the GB collapse wreck both the Packers and Under. SBB has 3 NFL selections Sunday with: 4.5-STAR Side...
https://x.com/SBBreakers/status/2012199163963081061,Both defenses in Sunday's Texans/Patriots matchup enter having allowed 6 or fewer points last game. That should not be a problem for the...
https://x.com/SBBreakers/status/2012226343111700870,"The Patriots are plenty used to cold weather games. And New England has found success in them not just historically, but also recently. T..."
https://x.com/SBBreakers/status/2012231799359861117,"The Bills are currently small dogs in Saturday’s matchup vs the Broncos. Buffalo has been quite strong as an underdog, going 5-1 run outr..."
https://x.com/SBBreakers/status/2012627396155879891,ICYMI: Getting Josh Allen in a rhythm throwing has been a very good thing for the Bills The Bills are 10-0 ATS since December 2023 after...
https://x.com/SBBreakers/status/2012632142149521424,Bo Nix played a full game against the resting Chargers in Denver's last game. The Broncos managed just 124 passing yards. The Bills are 1...
https://x.com/SBBreakers/status/2012904994211521017,"In his career, Drake Maye has NEVER been upset as a FG+ favorite. The Patriots are 11-0 outright (9-2 ATS) when Maye starts as a 3+ point..."
https://x.com/SBBreakers/status/2012928066545168569,The Patriots in cold weather games is a giant GREEN flag. New England is 9-1 ATS the past 2 seasons when the temperature is no more than...
https://x.com/SBBreakers/status/2013007602112680140,"Matthew Stafford is now 6-5 outright in his playoff career. Stafford is 0-5 in playoff games as a 3+ point dog. As a favorite, or dog of..."
https://x.com/SBBreakers/status/2014363817853984900,You might not think of Broncos coach Sean Payton as a cold weather coach. But even in New Orleans his teams had tons of success outdoors...
https://x.com/SBBreakers/status/2014397687911555454,The Broncos are 4.5-point underdogs Sunday vs the Patriots in a game with lower total. It's a spot where Denver has thrived The Broncos a...
https://x.com/SBBreakers/status/2014416946226196658,The Broncos are one of the largest dogs in @KillerSportsCom playoff database history (since 2001) Sunday. Playoff home underdogs of at le...
https://x.com/SBBreakers/status/2014454413528879504,"The Wizards losing streak is ongoing, but Washington has competed and covered in 2 straight games. Asking for 3 in a row might be too muc..."
https://x.com/SBBreakers/status/2015469815599685983,"The Broncos have an extra day of rest going into today's AFC Chamionship game, having last played last Saturday. The Broncos are 8-0 ATS..."
https://x.com/SBBreakers/status/2015491594464682054,"As the playoffs wear on, road favorites have struggled in the playoffs Since 2015, teams that are road favorites who are not playing thei..."
https://x.com/SBBreakers/status/2015506152637763931,"After last week's victory, Drake Maye has still NEVER been upset as a FG+ favorite. The Patriots are 12-0 outright when Maye starts as a..."
https://x.com/SBBreakers/status/2019132859693306058,"While the Patriots won the AFC Championship game, they did not cover against the Broncos. The last time New England failed to cover 2 str..."
https://x.com/SBBreakers/status/2019445391477858563,The Seahawks are the sixth NFC team to be favored in the Super Bowl since 2012. NFC favorites are 0-5 ATS over that time. Just 1 of those...
https://x.com/SBBreakers/status/2019491709839708400,The Patriots put up just 10 points in their AFC Championship win over the Broncos. Patriots games are 7-0 to the OVER since October 2024...
https://x.com/SBBreakers/status/2019815177362014521,The Seahawks needed just 2 home wins to reach the Super Bowl while the Patriots won at Denver among their 3 playoff wins. Being battled t...
https://x.com/SBBreakers/status/2019872864577470851,The Broncos also played just 2 home games before getting to the Super Bowl that year. So it would be weird if it did show up
https://x.com/SBBreakers/status/2020165494054043892,Both teams enter this Super Bowl on big winning streaks but it is the Seahawks that have the longer 9-game winning streak (Patriots 6 str...
https://x.com/SBBreakers/status/2020206839804178563,"While Seattle threw for 321 yards in the NFC Championship game, they also ALLOWED 365 passing yards in the game. The Seahawks are 8-0 ATS..."
https://x.com/SBBreakers/status/2020206892476146117,"While Seattle threw for 321 yards in the NFC Championship game, they also ALLOWED 365 passing yards in the game. The Seahawks are 8-0 ATS..."
https://x.com/SBBreakers/status/2020211856837574896,Our Super Bowl package of selections is absolutely loaded! Super Bowl selections are now posted with: 4-STAR Side (17 trends/systems) 4.5...
https://x.com/SBBreakers/status/2020520243953623505,The Patriots got through the AFC Championship with just 10 points in their 10-7 win over the Broncos. Teams are 8-2 ATS coming off a play...
https://x.com/SBBreakers/status/2020535847272247490,"The Seahawks had the NFC bye this postseason while the Patriots didn't in the AFC, needing 3 games to reach the Super Bowl. That's not a..."
https://x.com/SBBreakers/status/2020559754226274749,"We have 20 props for the Super Bowl today in addition to our side and total plays. There are 10 games props, 5 non-traditional props and..."
https://x.com/SBBreakers/status/2020605994737230221,Both teams come into the Super Bowl with great records but it is the Seahawks that have been particularly strong looking at margins at +1...
https://x.com/SBBreakers/status/2020607515159904416,This was a winner last week as Seahawks/Rams went way over. Teams coming off a playoff win where they allowed less than 10 points are 30-...
https://x.com/SBBreakers/status/2044478048485978274,The Warriors are on an unbelievably bad stretch for a team entering the playoffs. Golden State is just 5-15 in its last 20 games. Teams i...
